表,作業名,名称,摘要,単位,所要量,備考,注,Unnamed:9
表RA-1-2【専】,トラッククレーン(油圧伸縮ジブ型)分解部品運搬(1往復当たり)100t吊,トラック運転,11t積,日,3.7,,,
表RA-1-2【専】,トラッククレーン(油圧伸縮ジブ型)分解部品運搬(1往復当たり)120t吊,トラック運転,11t積,日,4.1,,,
表RA-1-2【専】,トラッククレーン(油圧伸縮ジブ型)分解部品運搬(1往復当たり)160t吊,トラック運転,11t積,日,5.8,,,
表RA-1-2【専】,トラッククレーン(油圧伸縮ジブ型)分解部品運搬(1往復当たり)200t吊,トラック運転,11t積,日,12.7,,,
表RA-2-1【市】,根切りつぼ掘り及び布掘り(バックホウ0.8ｍ3)	(1ｍ3当たり),バックホウ運転,0.8ｍ3,日,0.01,,,
表RA-2-1【市】,根切りつぼ掘り及び布掘り(バックホウ0.8ｍ3)	(1ｍ3当たり),普通作業員,,人,0.015,,,
表RA-2-1【市】,根切りつぼ掘り及び布掘り(バックホウ0.8ｍ3)	(1ｍ3当たり),その他,,式,1,,,
表RA-2-2【設】【専】,根切りつぼ掘り及び布掘り(バックホウ0.45ｍ3)	(1ｍ3当たり),バックホウ運転,0.45ｍ3,日,0.017,,,
表RA-2-2【設】【専】,根切りつぼ掘り及び布掘り(バックホウ0.45ｍ3)	(1ｍ3当たり),普通作業員,,人,0.015,,,
表RA-2-2【設】【専】,根切りつぼ掘り及び布掘り(バックホウ0.45ｍ3)	(1ｍ3当たり),その他,,式,1,,,
表RA-2-3【設】【専】,根切り山留め付き総掘り自立式(バックホウ1.4ｍ3)	(1ｍ3当たり),バックホウ運転,1.4ｍ3,日,0.0039,,,
表RA-2-3【設】【専】,根切り山留め付き総掘り自立式(バックホウ1.4ｍ3)	(1ｍ3当たり),普通作業員,,人,0.003,,,
表RA-2-3【設】【専】,根切り山留め付き総掘り自立式(バックホウ1.4ｍ3)	(1ｍ3当たり),その他,,式,1,,,
表RA-2-4【市】,根切り山留め付き総掘り自立式(バックホウ0.8ｍ3)	(1ｍ3当たり),バックホウ運転,0.8ｍ3,日,0.0063,,,
表RA-2-4【市】,根切り山留め付き総掘り自立式(バックホウ0.8ｍ3)	(1ｍ3当たり),普通作業員,,人,0.003,,,
表RA-2-4【市】,根切り山留め付き総掘り自立式(バックホウ0.8ｍ3)	(1ｍ3当たり),その他,,式,1,,,
表RA-2-5【設】【専】,根切り山留め付き総掘り切梁腹起方式(バックホウ1.4ｍ3)	(1ｍ3当たり),バックホウ運転,1.4ｍ3,日,0.0044,,,
表RA-2-5【設】【専】,根切り山留め付き総掘り切梁腹起方式(バックホウ1.4ｍ3)	(1ｍ3当たり),普通作業員,,人,0.009,,,
表RA-2-5【設】【専】,根切り山留め付き総掘り切梁腹起方式(バックホウ1.4ｍ3)	(1ｍ3当たり),その他,,式,1,,,
表RA-2-6【市】,根切り山留め付き総掘り切梁腹起方式(バックホウ0.8ｍ3)	(1ｍ3当たり),バックホウ運転,0.8ｍ3,日,0.0071,,,
表RA-2-6【市】,根切り山留め付き総掘り切梁腹起方式(バックホウ0.8ｍ3)	(1ｍ3当たり),普通作業員,,人,0.009,,,
表RA-2-6【市】,根切り山留め付き総掘り切梁腹起方式(バックホウ0.8ｍ3)	(1ｍ3当たり),その他,,式,1,,,
表RA-2-7【市】,根切り山留め付き総掘り切梁腹起方式(バックホウ0.45ｍ3・クラムシェル積込)	(1ｍ3当たり),バックホウ運転,0.45ｍ3,日,0.013,,,
表RA-2-7【市】,根切り山留め付き総掘り切梁腹起方式(バックホウ0.45ｍ3・クラムシェル積込)	(1ｍ3当たり),クラムシェル運転,0.6ｍ3,日,0.0063,,,
表RA-2-7【市】,根切り山留め付き総掘り切梁腹起方式(バックホウ0.45ｍ3・クラムシェル積込)	(1ｍ3当たり),普通作業員,,人,0.009,,,
表RA-2-7【市】,根切り山留め付き総掘り切梁腹起方式(バックホウ0.45ｍ3・クラムシェル積込)	(1ｍ3当たり),その他,,式,1,,,
表RA-2-8【設】【専】,根切り山留め付き総掘りグランドアンカー方式(バックホウ1.4ｍ3)	(1ｍ3当たり),バックホウ運転,1.4ｍ3,日,0.0039,,,
表RA-2-8【設】【専】,根切り山留め付き総掘りグランドアンカー方式(バックホウ1.4ｍ3)	(1ｍ3当たり),普通作業員,,人,0.007,,,
表RA-2-8【設】【専】,根切り山留め付き総掘りグランドアンカー方式(バックホウ1.4ｍ3)	(1ｍ3当たり),その他,,式,1,,,
表RA-2-9【設】【専】,根切り山留め付き総掘りグランドアンカー方式(バックホウ0.8ｍ3)	(1ｍ3当たり),バックホウ運転,0.8ｍ3,日,0.0063,,,
表RA-2-9【設】【専】,根切り山留め付き総掘りグランドアンカー方式(バックホウ0.8ｍ3)	(1ｍ3当たり),普通作業員,,人,0.007,,,
表RA-2-9【設】【専】,根切り山留め付き総掘りグランドアンカー方式(バックホウ0.8ｍ3)	(1ｍ3当たり),その他,,式,1,,,
表RA-2-10【市】,根切り山留め付き総掘りグランドアンカー方式(バックホウ0.8ｍ3・クラムシェル積込)	(1ｍ3当たり),バックホウ運転,0.8ｍ3,日,0.0063,,,
表RA-2-10【市】,根切り山留め付き総掘りグランドアンカー方式(バックホウ0.8ｍ3・クラムシェル積込)	(1ｍ3当たり),クラムシェル運転,0.6ｍ3,日,0.0067,,,
表RA-2-10【市】,根切り山留め付き総掘りグランドアンカー方式(バックホウ0.8ｍ3・クラムシェル積込)	(1ｍ3当たり),普通作業員,,人,0.007,,,
表RA-2-10【市】,根切り山留め付き総掘りグランドアンカー方式(バックホウ0.8ｍ3・クラムシェル積込)	(1ｍ3当たり),その他,,式,1,,,
表RA-2-11【設】【専】,根切り山留め付き総掘りグランドアンカー方式(バックホウ0.45ｍ3・クラムシェル積込)	(1ｍ3当たり),バックホウ運転,0.45ｍ3,日,0.011,,,
表RA-2-11【設】【専】,根切り山留め付き総掘りグランドアンカー方式(バックホウ0.45ｍ3・クラムシェル積込)	(1ｍ3当たり),クラムシェル運転,0.6ｍ3,日,0.0056,,,
表RA-2-11【設】【専】,根切り山留め付き総掘りグランドアンカー方式(バックホウ0.45ｍ3・クラムシェル積込)	(1ｍ3当たり),普通作業員,,人,0.007,,,
表RA-2-11【設】【専】,根切り山留め付き総掘りグランドアンカー方式(バックホウ0.45ｍ3・クラムシェル積込)	(1ｍ3当たり),その他,,式,1,,,
表RA-2-12【設】【専】,根切り法付き総掘り(バックホウ1.4ｍ3)	(1ｍ3当たり),バックホウ運転,1.4ｍ3,日,0.0039,,,
表RA-2-13【設】【専】,根切り法付き総掘り(バックホウ0.8ｍ3)	(1ｍ3当たり),バックホウ運転,0.8ｍ3,日,0.0063,,,
表RA-2-14【市】,根切り小規模土工(バックホウ0.28ｍ3)	(1ｍ3当たり),バックホウ運転,0.28ｍ3,日,0.025,,,
表RA-2-14【市】,根切り小規模土工(バックホウ0.28ｍ3)	(1ｍ3当たり),普通作業員,,人,0.03,,,
表RA-2-14【市】,根切り小規模土工(バックホウ0.28ｍ3)	(1ｍ3当たり),その他,,式,1,,,
表RA-2-15【設】【専】,根切り小規模土工(バックホウ0.13ｍ3)	(1ｍ3当たり),バックホウ運転,0.13ｍ3,日,0.05,,,
表RA-2-15【設】【専】,根切り小規模土工(バックホウ0.13ｍ3)	(1ｍ3当たり),普通作業員,,人,0.03,,,
表RA-2-15【設】【専】,根切り小規模土工(バックホウ0.13ｍ3)	(1ｍ3当たり),その他,,式,1,,,
表RA-2-16【設】【専】,床付け(1㎡当たり),普通作業員,,人,0.02,,,
表RA-2-16【設】【専】,床付け(1㎡当たり),その他,,式,1,,,
表RA-2-17【設】【専】,杭間ざらい(杭1本当たり),普通作業員,,人,0.08,,,
表RA-2-17【設】【専】,杭間ざらい(杭1本当たり),"その他""",,式,1,,,
表RA-2-20【専】,埋戻し山留め付き総掘り(バックホウ0.8ｍ3)(1ｍ3当たり),バックホウ運転,0.8ｍ3,日,0.0067,,,
表RA-2-20【専】,埋戻し山留め付き総掘り(バックホウ0.8ｍ3)(1ｍ3当たり),振動ローラ運転,0.8～1.1t,日,0.016,,,
表RA-2-20【専】,埋戻し山留め付き総掘り(バックホウ0.8ｍ3)(1ｍ3当たり),締固め,タンパ,ｍ3,0.1,締固めによる,,
表RA-2-20【専】,埋戻し山留め付き総掘り(バックホウ0.8ｍ3)(1ｍ3当たり),普通作業員,,人,0.016,,,
表RA-2-20【専】,埋戻し山留め付き総掘り(バックホウ0.8ｍ3)(1ｍ3当たり),その他,,式,1,,,
表RA-2-21【専】,埋戻し法付き総掘り(バックホウ0.8ｍ3)(1ｍ3当たり),バックホウ運転,0.8ｍ3,日,0.0067,,,
表RA-2-21【専】,埋戻し法付き総掘り(バックホウ0.8ｍ3)(1ｍ3当たり),振動ローラ運転,0.8～1.1t,日,0.016,,,
表RA-2-21【専】,埋戻し法付き総掘り(バックホウ0.8ｍ3)(1ｍ3当たり),締固め,タンパ,ｍ3,0.1,締固めによる,,
表RA-2-21【専】,埋戻し法付き総掘り(バックホウ0.8ｍ3)(1ｍ3当たり),普通作業員,,人,0.016,,,
表RA-2-21【専】,埋戻し法付き総掘り(バックホウ0.8ｍ3)(1ｍ3当たり),その他,,式,1,,,
表RA-2-22【市】,埋戻し小規模土工(バックホウ0.28ｍ3)(1ｍ3当たり),バックホウ運転,0.28ｍ3,日,0.02,,１.「その他」の率対象は、普通作業員とする。,
表RA-2-22【市】,埋戻し小規模土工(バックホウ0.28ｍ3)(1ｍ3当たり),締固め,タンパ,ｍ3,1.0,締固めによる,１.「その他」の率対象は、普通作業員とする。,
表RA-2-22【市】,埋戻し小規模土工(バックホウ0.28ｍ3)(1ｍ3当たり),普通作業員,,人,0.04,,１.「その他」の率対象は、普通作業員とする。,
表RA-2-22【市】,埋戻し小規模土工(バックホウ0.28ｍ3)(1ｍ3当たり),その他,,式,1,,１.「その他」の率対象は、普通作業員とする。,
表RA-2-23【専】,埋戻し小規模土工(バックホウ0.13ｍ3)(1ｍ3当たり),バックホウ運転,0.13ｍ3,日,0.033,,１.「その他」の率対象は、普通作業員とする。,
表RA-2-23【専】,埋戻し小規模土工(バックホウ0.13ｍ3)(1ｍ3当たり),締固め,タンパ,ｍ3,1.0,締固めによる,１.「その他」の率対象は、普通作業員とする。,
表RA-2-23【専】,埋戻し小規模土工(バックホウ0.13ｍ3)(1ｍ3当たり),普通作業員,,人,0.04,,１.「その他」の率対象は、普通作業員とする。,
表RA-2-23【専】,埋戻し小規模土工(バックホウ0.13ｍ3)(1ｍ3当たり),その他,,式,1,,１.「その他」の率対象は、普通作業員とする。,
表RA-2-24【市】,盛土(バックホウ0.8ｍ3)	(1ｍ3当たり),バックホウ運転,0.8ｍ3,日,0.0067,,,
表RA-2-24【市】,盛土(バックホウ0.8ｍ3)	(1ｍ3当たり),振動ローラ運転,0.8～1.1t,日,0.016,,,
表RA-2-24【市】,盛土(バックホウ0.8ｍ3)	(1ｍ3当たり),締固め,タンパ,ｍ3,0.1,締固めによる,,
表RA-2-24【市】,盛土(バックホウ0.8ｍ3)	(1ｍ3当たり),普通作業員,,人,0.016,,,
表RA-2-24【市】,盛土(バックホウ0.8ｍ3)	(1ｍ3当たり),その他,,式,1,,,
表RA-2-25【専】,盛土(バックホウ0.45ｍ3)	(1ｍ3当たり),バックホウ運転,0.45ｍ3,日,0.011,,,
表RA-2-25【専】,盛土(バックホウ0.45ｍ3)	(1ｍ3当たり),振動ローラ運転,0.8～1.1t,日,0.016,,,
表RA-2-25【専】,盛土(バックホウ0.45ｍ3)	(1ｍ3当たり),締固め,タンパ,ｍ3,0.1,締固めによる,,
表RA-2-25【専】,盛土(バックホウ0.45ｍ3)	(1ｍ3当たり),普通作業員,,人,0.016,,,
表RA-2-25【専】,盛土(バックホウ0.45ｍ3)	(1ｍ3当たり),その他,,式,1,,,
表RA-2-26【専】,敷きならし(ブルドーザ15t級)	(1ｍ3当たり),ブルドーザ運転,15t級,日,0.0035,,,
表RA-2-26【専】,敷きならし(ブルドーザ15t級)	(1ｍ3当たり),普通作業員,,人,0.003,,,
表RA-2-26【専】,敷きならし(ブルドーザ15t級)	(1ｍ3当たり),その他,,式,1,,,
表RA-2-27【市】,敷きならし(ブルドーザ3t級)	(1ｍ3当たり),ブルドーザ運転,3t級,日,0.0077,,,
表RA-2-27【市】,敷きならし(ブルドーザ3t級)	(1ｍ3当たり),普通作業員,,人,0.003,,,
表RA-2-27【市】,敷きならし(ブルドーザ3t級)	(1ｍ3当たり),その他,,式,1,,,
表RA-2-28【専】,締固め(タイヤローラ8～20t)	(1ｍ3当たり),タイヤローラ運転,8～20t,日,0.0027,,,
表RA-2-29【市】,締固め(振動ローラ2.4～2.8t)	(1ｍ3当たり),振動ローラ運転,2.4～2.8t,日,0.013,,,
表RA-2-30【市】,締固め(タンパ60～80kg)	(1ｍ3当たり),タンパ運転,60～80kg,日,0.031,,,
表RA-2-30【市】,締固め(タンパ60～80kg)	(1ｍ3当たり),普通作業員,,人,0.03,,,
表RA-2-30【市】,締固め(タンパ60～80kg)	(1ｍ3当たり),その他,,式,1,,,
表RA-2-31【専】,すきとり(ブルドーザ15t級)	(1ｍ3当たり),ブルドーザ運転,15t級,日,0.0029,,,
表RA-2-32【専】,すきとり(ブルドーザ3t級)	(1ｍ3当たり),ブルドーザ運転,3t級,日,0.017,,,
表RA-2-33【市】,積込(バックホウ0.8ｍ3)	(1ｍ3当たり),バックホウ運転,0.8ｍ3,日,0.0044,,,
表RA-2-34【専】,積込(バックホウ0.45ｍ3)	(1ｍ3当たり),バックホウ運転,0.45ｍ3,日,0.0071,,,
表RA-2-35【専】,積込小規模土工(バックホウ0.28ｍ3)	(1ｍ3当たり),バックホウ運転,0.28ｍ3,日,0.013,,,
表RA-2-36【専】,積込小規模土工(バックホウ0.13ｍ3)	(1ｍ3当たり),バックホウ運転,0.13ｍ3,日,0.025,,,
表RA-2-37【専】,建設発生土運搬(1台当たり往復),ダンプトラック運転,10、4、2t積級,日,Ｄ,運搬日数(Ｄ)は別表RA-2-37-1～別表RA-2-37-7による,,
表RA-2-39【市】,土工機械運搬(1日当たり往復),トラック運転,11t積,日,別表,所要量は別表RA-2-39-1による,,
表RA-2-40【市】,トラック運転(1日当たり)11t積,運転手(一般),,人,1.0,,,
表RA-2-40【市】,トラック運転(1日当たり)11t積,燃料,軽油,Ｌ,46.7,,,
表RA-2-40【市】,トラック運転(1日当たり)11t積,機械損料,,供用日,1.13,,,
表RA-2-40【市】,トラック運転(1日当たり)11t積,その他,,式,1,,,
表RA-4-1【市】,鉄筋工場加工(1t当たり)一般(太物),鉄筋工,,人,0.26,,,
表RA-4-1【市】,鉄筋工場加工(1t当たり)一般(太物),普通作業員,,人,0.06,,,
表RA-4-1【市】,鉄筋工場加工(1t当たり)一般(太物),工場管理費,(労)×(３０～６０％),式,1,,,
表RA-4-1【市】,鉄筋工場加工(1t当たり)一般(太物),その他,,式,1,,,
表RA-4-1【市】,鉄筋工場加工(1t当たり)一般(細物),鉄筋工,,人,0.73,,,
表RA-4-1【市】,鉄筋工場加工(1t当たり)一般(細物),普通作業員,,人,0.18,,,
表RA-4-1【市】,鉄筋工場加工(1t当たり)一般(細物),工場管理費,(労)×(３０～６０％),式,1,,,
表RA-4-1【市】,鉄筋工場加工(1t当たり)一般(細物),その他,,式,1,,,
表RA-4-4【専】,梁貫通孔補強鉄筋現場加工	(1t当たり)太物,鉄筋工,,人,2.23,,,
表RA-4-4【専】,梁貫通孔補強鉄筋現場加工	(1t当たり)太物,普通作業員,,人,0.2,,,
表RA-4-4【専】,梁貫通孔補強鉄筋現場加工	(1t当たり)太物,その他,,式,1,,,
表RA-4-4【専】,梁貫通孔補強鉄筋現場加工	(1t当たり)細物,鉄筋工,,人,2.7,,,
表RA-4-4【専】,梁貫通孔補強鉄筋現場加工	(1t当たり)細物,普通作業員,,人,0.25,,,
表RA-4-4【専】,梁貫通孔補強鉄筋現場加工	(1t当たり)細物,その他,,式,1,,,
表RA-4-5【専】,ガス圧接(1か所当たり)径19㎜,酸素,,ｍ３,0.03,,,
表RA-4-5【専】,ガス圧接(1か所当たり)径19㎜,アセチレン,,㎏,0.03,,,
表RA-4-5【専】,ガス圧接(1か所当たり)径19㎜,溶接工,,人,0.017,,,
表RA-4-5【専】,ガス圧接(1か所当たり)径19㎜,普通作業員,,人,0.009,,,
表RA-4-5【専】,ガス圧接(1か所当たり)径19㎜,その他,,式,1,,,
表RA-4-5【専】,ガス圧接(1か所当たり)径22㎜,酸素,,ｍ３,0.04,,,
表RA-4-5【専】,ガス圧接(1か所当たり)径22㎜,アセチレン,,㎏,0.04,,,
表RA-4-5【専】,ガス圧接(1か所当たり)径22㎜,溶接工,,人,0.018,,,
表RA-4-5【専】,ガス圧接(1か所当たり)径22㎜,普通作業員,,人,0.009,,,
表RA-4-5【専】,ガス圧接(1か所当たり)径22㎜,その他,,式,1,,,
表RA-4-5【専】,ガス圧接(1か所当たり)径25㎜,酸素,,ｍ３,0.05,,,
表RA-4-5【専】,ガス圧接(1か所当たり)径25㎜,アセチレン,,㎏,0.05,,,
表RA-4-5【専】,ガス圧接(1か所当たり)径25㎜,溶接工,,人,0.019,,,
表RA-4-5【専】,ガス圧接(1か所当たり)径25㎜,普通作業員,,人,0.01,,,
表RA-4-5【専】,ガス圧接(1か所当たり)径25㎜,その他,,式,1,,,
表RA-4-5【専】,ガス圧接(1か所当たり)径29㎜,酸素,,ｍ３,0.065,,,
表RA-4-5【専】,ガス圧接(1か所当たり)径29㎜,アセチレン,,㎏,0.065,,,
表RA-4-5【専】,ガス圧接(1か所当たり)径29㎜,溶接工,,人,0.025,,,
表RA-4-5【専】,ガス圧接(1か所当たり)径29㎜,普通作業員,,人,0.012,,,
表RA-4-5【専】,ガス圧接(1か所当たり)径29㎜,その他,,式,1,,,
表RA-4-8【専】,トラック運転	(1日当たり)4t積,運転手(一般),,人,1.0,,,
表RA-4-8【専】,トラック運転	(1日当たり)4t積,燃料,軽油,Ｌ,25.7,,,
表RA-4-8【専】,トラック運転	(1日当たり)4t積,機械損料,,供用日,1.13,,,
表RA-4-8【専】,トラック運転	(1日当たり)4t積,その他,,式,1,,,
表RA-5-2【市】【専】,コンクリート打設手間（配管式）(1m３当たり)１回当たりの打設量50ｍ3未満,特殊作業員,,人,0.13,,,
表RA-5-2【市】【専】,コンクリート打設手間（配管式）(1m３当たり)１回当たりの打設量50ｍ3未満,その他,,式,1,,,
表RA-5-2【市】【専】,コンクリート打設手間（配管式）(1m３当たり)１回当たりの打設量50ｍ3以上100ｍ3未満,特殊作業員,,人,0.1,,,
表RA-5-2【市】【専】,コンクリート打設手間（配管式）(1m３当たり)１回当たりの打設量50ｍ3以上100ｍ3未満,その他,,式,1,,,
表RA-5-2【市】【専】,コンクリート打設手間（配管式）(1m３当たり)１回当たりの打設量100ｍ3以上170ｍ3未満,特殊作業員,,人,0.072,,,
表RA-5-2【市】【専】,コンクリート打設手間（配管式）(1m３当たり)１回当たりの打設量100ｍ3以上170ｍ3未満,その他,,式,1,,,
表RA-5-2【市】【専】,コンクリート打設手間（配管式）(1m３当たり)１回当たりの打設量170ｍ3以上,特殊作業員,,人,0.068,,,
表RA-5-2【市】【専】,コンクリート打設手間（配管式）(1m３当たり)１回当たりの打設量170ｍ3以上,その他,,式,1,,,
表RA-5-8【市】,コンクリート打設手間(小型構造物)	(1ｍ3当たり)人力打設(工作物の基礎等),特殊作業員,,人,0.65,,,
表RA-5-8【市】,コンクリート打設手間(小型構造物)	(1ｍ3当たり)人力打設(工作物の基礎等),その他,,式,1,,,
表RA-5-8【市】,コンクリート打設手間(小型構造物)	(1ｍ3当たり)人力打設(擁壁，囲障の基礎等),特殊作業員,,人,0.43,,,
表RA-5-8【市】,コンクリート打設手間(小型構造物)	(1ｍ3当たり)人力打設(擁壁，囲障の基礎等),その他,,式,1,,,
表RA-6-3【専】,型枠運搬(100㎡当たり)２階建以下,トラック運転,4t積,日,1.01,,,
表RA-6-3【専】,型枠運搬(100㎡当たり)３階建以下,トラック運転,4t積,日,0.86,,,
表RA-6-3【専】,型枠運搬(100㎡当たり)４階建以下,トラック運転,4t積,日,0.71,,,
表RA-6-3【専】,型枠運搬(100㎡当たり)５階建以下,トラック運転,4t積,日,0.61,,,
表RA-6-3【専】,型枠運搬(100㎡当たり)６階建以下,トラック運転,4t積,日,0.51,,,
表RA-6-4【専】,トラック運転(1日当たり)4t積,運転手(一般),,人,1.0,,,
表RA-6-4【専】,トラック運転(1日当たり)4t積,燃料,軽油,Ｌ,25.7,,,
表RA-6-4【専】,トラック運転(1日当たり)4t積,機械損料,,供用日,1.13,,,
表RA-6-4【専】,トラック運転(1日当たり)4t積,その他,,式,1,,,
表RA-7-1【専】,現場建方(1ｔ当たり)低層,普通ボルト,,本,20.0,4％,,
表RA-7-1【専】,現場建方(1ｔ当たり)低層,とび工,,人,0.4,,,
表RA-7-1【専】,現場建方(1ｔ当たり)低層,鉄骨工,,人,0.067,,,
表RA-7-1【専】,現場建方(1ｔ当たり)低層,その他,,式,1,,,
表RA-7-1【専】,現場建方(1ｔ当たり)中層,普通ボルト,,本,20.0,4％,,
表RA-7-1【専】,現場建方(1ｔ当たり)中層,とび工,,人,0.53,,,
表RA-7-1【専】,現場建方(1ｔ当たり)中層,鉄骨工,,人,0.067,,,
表RA-7-1【専】,現場建方(1ｔ当たり)中層,その他,,式,1,,,
表RA-7-3【専】,トルシア形高力ボルト締付け（大張間構造）(100本あたり),鉄骨工,,人,0.8,,,
表RA-7-3【専】,トルシア形高力ボルト締付け（大張間構造）(100本あたり),締付機器,,日,0.58,,,
表RA-7-3【専】,トルシア形高力ボルト締付け（大張間構造）(100本あたり),その他,,式,1,,,
表RA-7-4【専】,現場溶接(1ｍ当たり)半自動溶接,溶接棒等,,㎏,0.28,,,
表RA-7-4【専】,現場溶接(1ｍ当たり)半自動溶接,炭酸ガス,,㎏,0.14,,,
表RA-7-4【専】,現場溶接(1ｍ当たり)半自動溶接,溶接工,,人,0.05,,,
表RA-7-4【専】,現場溶接(1ｍ当たり)半自動溶接,溶接器具損料,,式,1,,,
表RA-7-4【専】,現場溶接(1ｍ当たり)半自動溶接,その他,,式,1,,,
表RA-7-5【専】,アンカーボルト埋込み(Ｂ種)(1本当たり)間柱及び簡易なもの-径13～16㎜,型わく工,,人,0.048,,,
表RA-7-5【専】,アンカーボルト埋込み(Ｂ種)(1本当たり)間柱及び簡易なもの-径13～16㎜,その他,,式,1,,,
表RA-7-5【専】,アンカーボルト埋込み(Ｂ種)(1本当たり)主柱用径16～19㎜,型わく工,,人,0.072,,,
表RA-7-5【専】,アンカーボルト埋込み(Ｂ種)(1本当たり)主柱用径16～19㎜,その他,,式,1,,,
表RA-7-5【専】,アンカーボルト埋込み(Ｂ種)(1本当たり)主柱用径22～25㎜,型わく工,,人,0.092,,,
表RA-7-5【専】,アンカーボルト埋込み(Ｂ種)(1本当たり)主柱用径22～25㎜,その他,,式,1,,,
表RA-7-5【専】,アンカーボルト埋込み(Ｂ種)(1本当たり)主柱用径28㎜以上,型わく工,,人,0.12,,,
表RA-7-5【専】,アンカーボルト埋込み(Ｂ種)(1本当たり)主柱用径28㎜以上,その他,,式,1,,,
表RA-8-1【設】,内壁コンクリートブロック帳壁(空洞ブロックA(08))(1㎡当たり)厚さ100㎜,建築用空洞ブロック,,個,13,,,
表RA-8-1【設】,内壁コンクリートブロック帳壁(空洞ブロックA(08))(1㎡当たり)厚さ100㎜,セメント,,kg,13.1,,,
表RA-8-1【設】,内壁コンクリートブロック帳壁(空洞ブロックA(08))(1㎡当たり)厚さ100㎜,細骨材,砂,ｍ3,0.03,,,
表RA-8-1【設】,内壁コンクリートブロック帳壁(空洞ブロックA(08))(1㎡当たり)厚さ100㎜,鉄筋,Ｄ10,kg,3.7,,,
表RA-8-1【設】,内壁コンクリートブロック帳壁(空洞ブロックA(08))(1㎡当たり)厚さ100㎜,建築ブロック工,,人,0.11,,,
表RA-8-1【設】,内壁コンクリートブロック帳壁(空洞ブロックA(08))(1㎡当たり)厚さ100㎜,普通作業員,,人,0.05,,,
表RA-8-1【設】,内壁コンクリートブロック帳壁(空洞ブロックA(08))(1㎡当たり)厚さ100㎜,その他,,式,1,,,
表RA-8-1【設】,内壁コンクリートブロック帳壁(空洞ブロックA(08))(1㎡当たり)厚さ120㎜,建築用空洞ブロック,,個,13,,,
表RA-8-1【設】,内壁コンクリートブロック帳壁(空洞ブロックA(08))(1㎡当たり)厚さ120㎜,セメント,,kg,16.6,,,
表RA-8-1【設】,内壁コンクリートブロック帳壁(空洞ブロックA(08))(1㎡当たり)厚さ120㎜,細骨材,砂,ｍ3,0.03,,,
表RA-8-1【設】,内壁コンクリートブロック帳壁(空洞ブロックA(08))(1㎡当たり)厚さ120㎜,鉄筋,Ｄ10,kg,3.7,,,
表RA-8-1【設】,内壁コンクリートブロック帳壁(空洞ブロックA(08))(1㎡当たり)厚さ120㎜,建築ブロック工,,人,0.12,,,
表RA-8-1【設】,内壁コンクリートブロック帳壁(空洞ブロックA(08))(1㎡当たり)厚さ120㎜,普通作業員,,人,0.06,,,
表RA-8-1【設】,内壁コンクリートブロック帳壁(空洞ブロックA(08))(1㎡当たり)厚さ120㎜,その他,,式,1,,,
表RA-8-1【設】,内壁コンクリートブロック帳壁(空洞ブロックA(08))(1㎡当たり)厚さ150㎜,建築用空洞ブロック,,個,13,,,
表RA-8-1【設】,内壁コンクリートブロック帳壁(空洞ブロックA(08))(1㎡当たり)厚さ150㎜,セメント,,kg,24.2,,,
表RA-8-1【設】,内壁コンクリートブロック帳壁(空洞ブロックA(08))(1㎡当たり)厚さ150㎜,細骨材,砂,ｍ3,0.05,,,
表RA-8-1【設】,内壁コンクリートブロック帳壁(空洞ブロックA(08))(1㎡当たり)厚さ150㎜,鉄筋,Ｄ10,kg,3.7,,,
表RA-8-1【設】,内壁コンクリートブロック帳壁(空洞ブロックA(08))(1㎡当たり)厚さ150㎜,建築ブロック工,,人,0.13,,,
表RA-8-1【設】,内壁コンクリートブロック帳壁(空洞ブロックA(08))(1㎡当たり)厚さ150㎜,普通作業員,,人,0.07,,,
表RA-8-1【設】,内壁コンクリートブロック帳壁(空洞ブロックA(08))(1㎡当たり)厚さ150㎜,その他,,式,1,,,
表RA-8-1【設】,内壁コンクリートブロック帳壁(空洞ブロックA(08))(1㎡当たり)厚さ190㎜,建築用空洞ブロック,,個,13,,,
表RA-8-1【設】,内壁コンクリートブロック帳壁(空洞ブロックA(08))(1㎡当たり)厚さ190㎜,セメント,,kg,35.3,,,
表RA-8-1【設】,内壁コンクリートブロック帳壁(空洞ブロックA(08))(1㎡当たり)厚さ190㎜,細骨材,砂,ｍ3,0.07,,,
表RA-8-1【設】,内壁コンクリートブロック帳壁(空洞ブロックA(08))(1㎡当たり)厚さ190㎜,鉄筋,Ｄ10,kg,3.7,,,
表RA-8-1【設】,内壁コンクリートブロック帳壁(空洞ブロックA(08))(1㎡当たり)厚さ190㎜,建築ブロック工,,人,0.15,,,
表RA-8-1【設】,内壁コンクリートブロック帳壁(空洞ブロックA(08))(1㎡当たり)厚さ190㎜,普通作業員,,人,0.1,,,
表RA-8-1【設】,内壁コンクリートブロック帳壁(空洞ブロックA(08))(1㎡当たり)厚さ190㎜,その他,,式,1,,,
表RA-8-2【設】,内壁コンクリートブロック帳壁(空洞ブロックB(12))(1㎡当たり)厚さ100㎜,建築用空洞ブロック,,個,13,,,
表RA-8-2【設】,内壁コンクリートブロック帳壁(空洞ブロックB(12))(1㎡当たり)厚さ100㎜,セメント,,kg,13.1,,,
表RA-8-2【設】,内壁コンクリートブロック帳壁(空洞ブロックB(12))(1㎡当たり)厚さ100㎜,細骨材,砂,ｍ3,0.03,,,
表RA-8-2【設】,内壁コンクリートブロック帳壁(空洞ブロックB(12))(1㎡当たり)厚さ100㎜,鉄筋,Ｄ10,kg,3.7,,,
表RA-8-2【設】,内壁コンクリートブロック帳壁(空洞ブロックB(12))(1㎡当たり)厚さ100㎜,建築ブロック工,,人,0.12,,,
表RA-8-2【設】,内壁コンクリートブロック帳壁(空洞ブロックB(12))(1㎡当たり)厚さ100㎜,普通作業員,,人,0.05,,,
表RA-8-2【設】,内壁コンクリートブロック帳壁(空洞ブロックB(12))(1㎡当たり)厚さ100㎜,その他,,式,1,,,
表RA-8-2【設】,内壁コンクリートブロック帳壁(空洞ブロックB(12))(1㎡当たり)厚さ120㎜,建築用空洞ブロック,,個,13,,,
表RA-8-2【設】,内壁コンクリートブロック帳壁(空洞ブロックB(12))(1㎡当たり)厚さ120㎜,セメント,,kg,16.6,,,
表RA-8-2【設】,内壁コンクリートブロック帳壁(空洞ブロックB(12))(1㎡当たり)厚さ120㎜,細骨材,砂,ｍ3,0.03,,,
表RA-8-2【設】,内壁コンクリートブロック帳壁(空洞ブロックB(12))(1㎡当たり)厚さ120㎜,鉄筋,Ｄ10,kg,3.7,,,
表RA-8-2【設】,内壁コンクリートブロック帳壁(空洞ブロックB(12))(1㎡当たり)厚さ120㎜,建築ブロック工,,人,0.13,,,
表RA-8-2【設】,内壁コンクリートブロック帳壁(空洞ブロックB(12))(1㎡当たり)厚さ120㎜,普通作業員,,人,0.06,,,
表RA-8-2【設】,内壁コンクリートブロック帳壁(空洞ブロックB(12))(1㎡当たり)厚さ120㎜,その他,,式,1,,,
表RA-8-2【設】,内壁コンクリートブロック帳壁(空洞ブロックB(12))(1㎡当たり)厚さ150㎜,建築用空洞ブロック,,個,13,,,
表RA-8-2【設】,内壁コンクリートブロック帳壁(空洞ブロックB(12))(1㎡当たり)厚さ150㎜,セメント,,kg,24.2,,,
表RA-8-2【設】,内壁コンクリートブロック帳壁(空洞ブロックB(12))(1㎡当たり)厚さ150㎜,細骨材,砂,ｍ3,0.05,,,
表RA-8-2【設】,内壁コンクリートブロック帳壁(空洞ブロックB(12))(1㎡当たり)厚さ150㎜,鉄筋,Ｄ10,kg,3.7,,,
表RA-8-2【設】,内壁コンクリートブロック帳壁(空洞ブロックB(12))(1㎡当たり)厚さ150㎜,建築ブロック工,,人,0.14,,,
表RA-8-2【設】,内壁コンクリートブロック帳壁(空洞ブロックB(12))(1㎡当たり)厚さ150㎜,普通作業員,,人,0.08,,,
表RA-8-2【設】,内壁コンクリートブロック帳壁(空洞ブロックB(12))(1㎡当たり)厚さ150㎜,その他,,式,1,,,
表RA-8-2【設】,内壁コンクリートブロック帳壁(空洞ブロックB(12))(1㎡当たり)厚さ190㎜,建築用空洞ブロック,,個,13,,,
表RA-8-2【設】,内壁コンクリートブロック帳壁(空洞ブロックB(12))(1㎡当たり)厚さ190㎜,セメント,,kg,35.3,,,
表RA-8-2【設】,内壁コンクリートブロック帳壁(空洞ブロックB(12))(1㎡当たり)厚さ190㎜,細骨材,砂,ｍ3,0.07,,,
表RA-8-2【設】,内壁コンクリートブロック帳壁(空洞ブロックB(12))(1㎡当たり)厚さ190㎜,鉄筋,Ｄ10,kg,3.7,,,
表RA-8-2【設】,内壁コンクリートブロック帳壁(空洞ブロックB(12))(1㎡当たり)厚さ190㎜,建築ブロック工,,人,0.16,,,
表RA-8-2【設】,内壁コンクリートブロック帳壁(空洞ブロックB(12))(1㎡当たり)厚さ190㎜,普通作業員,,人,0.1,,,
表RA-8-2【設】,内壁コンクリートブロック帳壁(空洞ブロックB(12))(1㎡当たり)厚さ190㎜,その他,,式,1,,,
表RA-8-3【設】,外壁コンクリートブロック帳壁(空洞ブロック16-Ｗ)	(1㎡当たり)厚さ100㎜,建築用空洞ブロック,,個,13,,,
表RA-8-3【設】,外壁コンクリートブロック帳壁(空洞ブロック16-Ｗ)	(1㎡当たり)厚さ100㎜,セメント,,kg,13.1,,,
表RA-8-3【設】,外壁コンクリートブロック帳壁(空洞ブロック16-Ｗ)	(1㎡当たり)厚さ100㎜,細骨材,砂,ｍ3,0.03,,,
表RA-8-3【設】,外壁コンクリートブロック帳壁(空洞ブロック16-Ｗ)	(1㎡当たり)厚さ100㎜,鉄筋,Ｄ10,kg,1.6,,,
表RA-8-3【設】,外壁コンクリートブロック帳壁(空洞ブロック16-Ｗ)	(1㎡当たり)厚さ100㎜,鉄筋,Ｄ13,kg,4.0,,,
表RA-8-3【設】,外壁コンクリートブロック帳壁(空洞ブロック16-Ｗ)	(1㎡当たり)厚さ100㎜,建築ブロック工,,人,0.12,,,
表RA-8-3【設】,外壁コンクリートブロック帳壁(空洞ブロック16-Ｗ)	(1㎡当たり)厚さ100㎜,普通作業員,,人,0.06,,,
表RA-8-3【設】,外壁コンクリートブロック帳壁(空洞ブロック16-Ｗ)	(1㎡当たり)厚さ100㎜,その他,,式,1,,,
表RA-8-3【設】,外壁コンクリートブロック帳壁(空洞ブロック16-Ｗ)	(1㎡当たり)厚さ120㎜,建築用空洞ブロック,,個,13,,,
表RA-8-3【設】,外壁コンクリートブロック帳壁(空洞ブロック16-Ｗ)	(1㎡当たり)厚さ120㎜,セメント,,kg,16.6,,,
表RA-8-3【設】,外壁コンクリートブロック帳壁(空洞ブロック16-Ｗ)	(1㎡当たり)厚さ120㎜,細骨材,砂,ｍ3,0.03,,,
表RA-8-3【設】,外壁コンクリートブロック帳壁(空洞ブロック16-Ｗ)	(1㎡当たり)厚さ120㎜,鉄筋,Ｄ10,kg,1.6,,,
表RA-8-3【設】,外壁コンクリートブロック帳壁(空洞ブロック16-Ｗ)	(1㎡当たり)厚さ120㎜,鉄筋,Ｄ13,kg,4.0,,,
表RA-8-3【設】,外壁コンクリートブロック帳壁(空洞ブロック16-Ｗ)	(1㎡当たり)厚さ120㎜,建築ブロック工,,人,0.13,,,
表RA-8-3【設】,外壁コンクリートブロック帳壁(空洞ブロック16-Ｗ)	(1㎡当たり)厚さ120㎜,普通作業員,,人,0.07,,,
表RA-8-3【設】,外壁コンクリートブロック帳壁(空洞ブロック16-Ｗ)	(1㎡当たり)厚さ120㎜,その他,,式,1,,,
表RA-8-3【設】,外壁コンクリートブロック帳壁(空洞ブロック16-Ｗ)	(1㎡当たり)厚さ150㎜,建築用空洞ブロック,,個,13,,,
表RA-8-3【設】,外壁コンクリートブロック帳壁(空洞ブロック16-Ｗ)	(1㎡当たり)厚さ150㎜,セメント,,kg,24.2,,,
表RA-8-3【設】,外壁コンクリートブロック帳壁(空洞ブロック16-Ｗ)	(1㎡当たり)厚さ150㎜,細骨材,砂,ｍ3,0.05,,,
表RA-8-3【設】,外壁コンクリートブロック帳壁(空洞ブロック16-Ｗ)	(1㎡当たり)厚さ150㎜,鉄筋,Ｄ10,kg,1.6,,,
表RA-8-3【設】,外壁コンクリートブロック帳壁(空洞ブロック16-Ｗ)	(1㎡当たり)厚さ150㎜,鉄筋,Ｄ13,kg,4.0,,,
表RA-8-3【設】,外壁コンクリートブロック帳壁(空洞ブロック16-Ｗ)	(1㎡当たり)厚さ150㎜,建築ブロック工,,人,0.14,,,
表RA-8-3【設】,外壁コンクリートブロック帳壁(空洞ブロック16-Ｗ)	(1㎡当たり)厚さ150㎜,普通作業員,,人,0.08,,,
表RA-8-3【設】,外壁コンクリートブロック帳壁(空洞ブロック16-Ｗ)	(1㎡当たり)厚さ150㎜,その他,,式,1,,,
表RA-8-3【設】,外壁コンクリートブロック帳壁(空洞ブロック16-Ｗ)	(1㎡当たり)厚さ190㎜,建築用空洞ブロック,,個,13,,,
表RA-8-3【設】,外壁コンクリートブロック帳壁(空洞ブロック16-Ｗ)	(1㎡当たり)厚さ190㎜,セメント,,kg,35.3,,,
表RA-8-3【設】,外壁コンクリートブロック帳壁(空洞ブロック16-Ｗ)	(1㎡当たり)厚さ190㎜,細骨材,砂,ｍ3,0.07,,,
表RA-8-3【設】,外壁コンクリートブロック帳壁(空洞ブロック16-Ｗ)	(1㎡当たり)厚さ190㎜,鉄筋,Ｄ10,kg,1.6,,,
表RA-8-3【設】,外壁コンクリートブロック帳壁(空洞ブロック16-Ｗ)	(1㎡当たり)厚さ190㎜,鉄筋,Ｄ13,kg,4.0,,,
表RA-8-3【設】,外壁コンクリートブロック帳壁(空洞ブロック16-Ｗ)	(1㎡当たり)厚さ190㎜,建築ブロック工,,人,0.16,,,
表RA-8-3【設】,外壁コンクリートブロック帳壁(空洞ブロック16-Ｗ)	(1㎡当たり)厚さ190㎜,普通作業員,,人,0.11,,,
表RA-8-3【設】,外壁コンクリートブロック帳壁(空洞ブロック16-Ｗ)	(1㎡当たり)厚さ190㎜,その他,,式,1,,,
表RA-9-1【市】,屋根保護防水密着工法(１㎡当たり)Ａ－１平面,アスファルトプライマー,,㎏,0.2,,,
表RA-9-1【市】,屋根保護防水密着工法(１㎡当たり)Ａ－１平面,アスファルト,3種,㎏,6.0,,,
表RA-9-1【市】,屋根保護防水密着工法(１㎡当たり)Ａ－１平面,ゴムアスファルト系シール材,,L,―,,,
表RA-9-1【市】,屋根保護防水密着工法(１㎡当たり)Ａ－１平面,アスファルトルーフィング,1500,㎡,2.28,,,
表RA-9-1【市】,屋根保護防水密着工法(１㎡当たり)Ａ－１平面,網状アスファルトルーフィング,,㎡,―,,,
表RA-9-1【市】,屋根保護防水密着工法(１㎡当たり)Ａ－１平面,ストレッチルーフィング,1000,㎡,2.28,,,
表RA-9-1【市】,屋根保護防水密着工法(１㎡当たり)Ａ－１平面,ポリエチレンフィルム,厚0.15㎜,㎡,1.1,,,
表RA-9-1【市】,屋根保護防水密着工法(１㎡当たり)Ａ－１平面,燃料,重油,L,1.8,,,
表RA-9-1【市】,屋根保護防水密着工法(１㎡当たり)Ａ－１平面,防水工,,人,0.081,,,
表RA-9-1【市】,屋根保護防水密着工法(１㎡当たり)Ａ－１平面,普通作業員,,人,0.026,,,
表RA-9-1【市】,屋根保護防水密着工法(１㎡当たり)Ａ－１平面,その他,,式,1,,,
表RA-9-1【市】,屋根保護防水密着工法(１㎡当たり)Ａ－１立上り-立下り面,アスファルトプライマー,,㎏,0.2,,,
表RA-9-1【市】,屋根保護防水密着工法(１㎡当たり)Ａ－１立上り-立下り面,アスファルト,3種,㎏,6.93,,,
表RA-9-1【市】,屋根保護防水密着工法(１㎡当たり)Ａ－１立上り-立下り面,ゴムアスファルト系シール材,,L,0.25,,,
表RA-9-1【市】,屋根保護防水密着工法(１㎡当たり)Ａ－１立上り-立下り面,アスファルトルーフィング,1500,㎡,2.28,,,
表RA-9-1【市】,屋根保護防水密着工法(１㎡当たり)Ａ－１立上り-立下り面,網状アスファルトルーフィング,,㎡,0.26,,,
表RA-9-1【市】,屋根保護防水密着工法(１㎡当たり)Ａ－１立上り-立下り面,ストレッチルーフィング,1000,㎡,3.14,,,
表RA-9-1【市】,屋根保護防水密着工法(１㎡当たり)Ａ－１立上り-立下り面,ポリエチレンフィルム,厚0.15㎜,㎡,―,,,
表RA-9-1【市】,屋根保護防水密着工法(１㎡当たり)Ａ－１立上り-立下り面,燃料,重油,L,2.1,,,
表RA-9-1【市】,屋根保護防水密着工法(１㎡当たり)Ａ－１立上り-立下り面,防水工,,人,0.13,,,
表RA-9-1【市】,屋根保護防水密着工法(１㎡当たり)Ａ－１立上り-立下り面,普通作業員,,人,0.041,,,
表RA-9-1【市】,屋根保護防水密着工法(１㎡当たり)Ａ－１立上り-立下り面,その他,,式,1,,,
表RA-9-1【市】,屋根保護防水密着工法(１㎡当たり)Ａ－２平面,アスファルトプライマー,,㎏,0.2,,,
表RA-9-1【市】,屋根保護防水密着工法(１㎡当たり)Ａ－２平面,アスファルト,3種,㎏,5.0,,,
表RA-9-1【市】,屋根保護防水密着工法(１㎡当たり)Ａ－２平面,ゴムアスファルト系シール材,,L,―,,,
表RA-9-1【市】,屋根保護防水密着工法(１㎡当たり)Ａ－２平面,アスファルトルーフィング,1500,㎡,1.14,,,
表RA-9-1【市】,屋根保護防水密着工法(１㎡当たり)Ａ－２平面,網状アスファルトルーフィング,,㎡,―,,,
表RA-9-1【市】,屋根保護防水密着工法(１㎡当たり)Ａ－２平面,ストレッチルーフィング,1000,㎡,2.28,,,
表RA-9-1【市】,屋根保護防水密着工法(１㎡当たり)Ａ－２平面,ポリエチレンフィルム,厚0.15㎜,㎡,1.1,,,
表RA-9-1【市】,屋根保護防水密着工法(１㎡当たり)Ａ－２平面,燃料,重油,L,1.5,,,
表RA-9-1【市】,屋根保護防水密着工法(１㎡当たり)Ａ－２平面,防水工,,人,0.066,,,
表RA-9-1【市】,屋根保護防水密着工法(１㎡当たり)Ａ－２平面,普通作業員,,人,0.021,,,
表RA-9-1【市】,屋根保護防水密着工法(１㎡当たり)Ａ－２平面,その他,,式,1,,,
表RA-9-1【市】,屋根保護防水密着工法(１㎡当たり)Ａ－２立上り-立下り面,アスファルトプライマー,,㎏,0.2,,,
表RA-9-1【市】,屋根保護防水密着工法(１㎡当たり)Ａ－２立上り-立下り面,アスファルト,3種,㎏,5.93,,,
表RA-9-1【市】,屋根保護防水密着工法(１㎡当たり)Ａ－２立上り-立下り面,ゴムアスファルト系シール材,,L,0.25,,,
表RA-9-1【市】,屋根保護防水密着工法(１㎡当たり)Ａ－２立上り-立下り面,アスファルトルーフィング,1500,㎡,1.14,,,
表RA-9-1【市】,屋根保護防水密着工法(１㎡当たり)Ａ－２立上り-立下り面,網状アスファルトルーフィング,,㎡,0.26,,,
表RA-9-1【市】,屋根保護防水密着工法(１㎡当たり)Ａ－２立上り-立下り面,ストレッチルーフィング,1000,㎡,3.14,,,
表RA-9-1【市】,屋根保護防水密着工法(１㎡当たり)Ａ－２立上り-立下り面,ポリエチレンフィルム,厚0.15㎜,㎡,―,,,
表RA-9-1【市】,屋根保護防水密着工法(１㎡当たり)Ａ－２立上り-立下り面,燃料,重油,L,1.8,,,
表RA-9-1【市】,屋根保護防水密着工法(１㎡当たり)Ａ－２立上り-立下り面,防水工,,人,0.11,,,
表RA-9-1【市】,屋根保護防水密着工法(１㎡当たり)Ａ－２立上り-立下り面,普通作業員,,人,0.035,,,
表RA-9-1【市】,屋根保護防水密着工法(１㎡当たり)Ａ－２立上り-立下り面,その他,,式,1,,,
表RA-9-3【市】,屋根保護防水絶縁工法(１㎡当たり)Ｂ－１平面,アスファルトプライマー,,㎏,0.2,,,
表RA-9-3【市】,屋根保護防水絶縁工法(１㎡当たり)Ｂ－１平面,アスファルト,3種,㎏,6.2,,,
表RA-9-3【市】,屋根保護防水絶縁工法(１㎡当たり)Ｂ－１平面,ゴムアスファルト系シール材,,L,―,,,
表RA-9-3【市】,屋根保護防水絶縁工法(１㎡当たり)Ｂ－１平面,アスファルトルーフィング,1500,㎡,2.28,,,
表RA-9-3【市】,屋根保護防水絶縁工法(１㎡当たり)Ｂ－１平面,網状アスファルトルーフィング,,㎡,―,,,
表RA-9-3【市】,屋根保護防水絶縁工法(１㎡当たり)Ｂ－１平面,砂付あなあきルーフィング,,㎡,1.04,,,
表RA-9-3【市】,屋根保護防水絶縁工法(１㎡当たり)Ｂ－１平面,ストレッチルーフィング,1000,㎡,2.28,,,
表RA-9-3【市】,屋根保護防水絶縁工法(１㎡当たり)Ｂ－１平面,ポリエチレンフィルム,厚0.15㎜,㎡,1.1,,,
表RA-9-3【市】,屋根保護防水絶縁工法(１㎡当たり)Ｂ－１平面,燃料,重油,L,1.9,,,
表RA-9-3【市】,屋根保護防水絶縁工法(１㎡当たり)Ｂ－１平面,防水工,,人,0.091,,,
表RA-9-3【市】,屋根保護防水絶縁工法(１㎡当たり)Ｂ－１平面,普通作業員,,人,0.029,,,
表RA-9-3【市】,屋根保護防水絶縁工法(１㎡当たり)Ｂ－１平面,その他,,式,1,,,
表RA-9-3【市】,屋根保護防水絶縁工法(１㎡当たり)Ｂ－１立上り-立下り面,アスファルトプライマー,,㎏,0.2,,,
表RA-9-3【市】,屋根保護防水絶縁工法(１㎡当たり)Ｂ－１立上り-立下り面,アスファルト,3種,㎏,6.93,,,
表RA-9-3【市】,屋根保護防水絶縁工法(１㎡当たり)Ｂ－１立上り-立下り面,ゴムアスファルト系シール材,,L,0.25,,,
表RA-9-3【市】,屋根保護防水絶縁工法(１㎡当たり)Ｂ－１立上り-立下り面,アスファルトルーフィング,1500,㎡,2.28,,,
表RA-9-3【市】,屋根保護防水絶縁工法(１㎡当たり)Ｂ－１立上り-立下り面,網状アスファルトルーフィング,,㎡,0.26,,,
表RA-9-3【市】,屋根保護防水絶縁工法(１㎡当たり)Ｂ－１立上り-立下り面,砂付あなあきルーフィング,,㎡,△1.3,,,
表RA-9-3【市】,屋根保護防水絶縁工法(１㎡当たり)Ｂ－１立上り-立下り面,ストレッチルーフィング,1000,㎡,3.14,,,
表RA-9-3【市】,屋根保護防水絶縁工法(１㎡当たり)Ｂ－１立上り-立下り面,ポリエチレンフィルム,厚0.15㎜,㎡,―,,,
表RA-9-3【市】,屋根保護防水絶縁工法(１㎡当たり)Ｂ－１立上り-立下り面,燃料,重油,L,2.7,,,
表RA-9-3【市】,屋根保護防水絶縁工法(１㎡当たり)Ｂ－１立上り-立下り面,防水工,,人,0.13,,,
表RA-9-3【市】,屋根保護防水絶縁工法(１㎡当たり)Ｂ－１立上り-立下り面,普通作業員,,人,0.042,,,
表RA-9-3【市】,屋根保護防水絶縁工法(１㎡当たり)Ｂ－１立上り-立下り面,その他,,式,1,,,
表RA-9-3【市】,屋根保護防水絶縁工法(１㎡当たり)Ｂ－２平面,アスファルトプライマー,,㎏,0.2,,,
表RA-9-3【市】,屋根保護防水絶縁工法(１㎡当たり)Ｂ－２平面,アスファルト,3種,㎏,5.2,,,
表RA-9-3【市】,屋根保護防水絶縁工法(１㎡当たり)Ｂ－２平面,ゴムアスファルト系シール材,,L,―,,,
表RA-9-3【市】,屋根保護防水絶縁工法(１㎡当たり)Ｂ－２平面,アスファルトルーフィング,1500,㎡,1.14,,,
表RA-9-3【市】,屋根保護防水絶縁工法(１㎡当たり)Ｂ－２平面,網状アスファルトルーフィング,,㎡,―,,,
表RA-9-3【市】,屋根保護防水絶縁工法(１㎡当たり)Ｂ－２平面,砂付あなあきルーフィング,,㎡,1.04,,,
表RA-9-3【市】,屋根保護防水絶縁工法(１㎡当たり)Ｂ－２平面,ストレッチルーフィング,1000,㎡,2.28,,,
表RA-9-3【市】,屋根保護防水絶縁工法(１㎡当たり)Ｂ－２平面,ポリエチレンフィルム,厚0.15㎜,㎡,1.1,,,
表RA-9-3【市】,屋根保護防水絶縁工法(１㎡当たり)Ｂ－２平面,燃料,重油,L,1.6,,,
表RA-9-3【市】,屋根保護防水絶縁工法(１㎡当たり)Ｂ－２平面,防水工,,人,0.076,,,
表RA-9-3【市】,屋根保護防水絶縁工法(１㎡当たり)Ｂ－２平面,普通作業員,,人,0.024,,,
表RA-9-3【市】,屋根保護防水絶縁工法(１㎡当たり)Ｂ－２平面,その他,,式,1,,,
表RA-9-3【市】,屋根保護防水絶縁工法(１㎡当たり)Ｂ－２立上り-立下り面,アスファルトプライマー,,㎏,0.2,,,
表RA-9-3【市】,屋根保護防水絶縁工法(１㎡当たり)Ｂ－２立上り-立下り面,アスファルト,3種,㎏,5.93,,,
表RA-9-3【市】,屋根保護防水絶縁工法(１㎡当たり)Ｂ－２立上り-立下り面,ゴムアスファルト系シール材,,L,0.25,,,
表RA-9-3【市】,屋根保護防水絶縁工法(１㎡当たり)Ｂ－２立上り-立下り面,アスファルトルーフィング,1500,㎡,1.14,,,
表RA-9-3【市】,屋根保護防水絶縁工法(１㎡当たり)Ｂ－２立上り-立下り面,網状アスファルトルーフィング,,㎡,0.26,,,
表RA-9-3【市】,屋根保護防水絶縁工法(１㎡当たり)Ｂ－２立上り-立下り面,砂付あなあきルーフィング,,㎡,△1.3,,,
表RA-9-3【市】,屋根保護防水絶縁工法(１㎡当たり)Ｂ－２立上り-立下り面,ストレッチルーフィング,1000,㎡,3.14,,,
表RA-9-3【市】,屋根保護防水絶縁工法(１㎡当たり)Ｂ－２立上り-立下り面,ポリエチレンフィルム,厚0.15㎜,㎡,―,,,
表RA-9-3【市】,屋根保護防水絶縁工法(１㎡当たり)Ｂ－２立上り-立下り面,燃料,重油,L,2.4,,,
表RA-9-3【市】,屋根保護防水絶縁工法(１㎡当たり)Ｂ－２立上り-立下り面,防水工,,人,0.11,,,
表RA-9-3【市】,屋根保護防水絶縁工法(１㎡当たり)Ｂ－２立上り-立下り面,普通作業員,,人,0.035,,,
表RA-9-3【市】,屋根保護防水絶縁工法(１㎡当たり)Ｂ－２立上り-立下り面,その他,,式,1,,,
表RA-9-4【市】,屋根保護防水絶縁断熱工法(1ｍ3当たり)ＢⅠ－１平面,アスファルトプライマー,,㎏,0.2,,,
表RA-9-4【市】,屋根保護防水絶縁断熱工法(1ｍ3当たり)ＢⅠ－１平面,アスファルト3種,,㎏,6.2,,,
表RA-9-4【市】,屋根保護防水絶縁断熱工法(1ｍ3当たり)ＢⅠ－１平面,アスファルトルーフィング1500,,㎡,2.28,,,
表RA-9-4【市】,屋根保護防水絶縁断熱工法(1ｍ3当たり)ＢⅠ－１平面,砂付あなあきルーフィング,,㎡,1.04,,,
表RA-9-4【市】,屋根保護防水絶縁断熱工法(1ｍ3当たり)ＢⅠ－１平面,ストレッチルーフィング,1000,㎡,2.28,,,
表RA-9-4【市】,屋根保護防水絶縁断熱工法(1ｍ3当たり)ＢⅠ－１平面,フラットヤーンクロス,,㎡,1.1,,,
表RA-9-4【市】,屋根保護防水絶縁断熱工法(1ｍ3当たり)ＢⅠ－１平面,断熱材,厚25㎜,㎡,1.04,,,
表RA-9-4【市】,屋根保護防水絶縁断熱工法(1ｍ3当たり)ＢⅠ－１平面,燃料,重油,L,1.9,,,
表RA-9-4【市】,屋根保護防水絶縁断熱工法(1ｍ3当たり)ＢⅠ－１平面,防水工,,人,0.11,,,
表RA-9-4【市】,屋根保護防水絶縁断熱工法(1ｍ3当たり)ＢⅠ－１平面,普通作業員,,人,0.039,,,
表RA-9-4【市】,屋根保護防水絶縁断熱工法(1ｍ3当たり)ＢⅠ－１平面,その他,,式,1,,,
表RA-9-4【市】,屋根保護防水絶縁断熱工法(1ｍ3当たり)ＢⅠ－２平面,アスファルトプライマー,,㎏,0.2,,,
表RA-9-4【市】,屋根保護防水絶縁断熱工法(1ｍ3当たり)ＢⅠ－２平面,アスファルト3種,,㎏,5.2,,,
表RA-9-4【市】,屋根保護防水絶縁断熱工法(1ｍ3当たり)ＢⅠ－２平面,アスファルトルーフィング1500,,㎡,1.14,,,
表RA-9-4【市】,屋根保護防水絶縁断熱工法(1ｍ3当たり)ＢⅠ－２平面,砂付あなあきルーフィング,,㎡,1.04,,,
表RA-9-4【市】,屋根保護防水絶縁断熱工法(1ｍ3当たり)ＢⅠ－２平面,ストレッチルーフィング,1000,㎡,2.28,,,
表RA-9-4【市】,屋根保護防水絶縁断熱工法(1ｍ3当たり)ＢⅠ－２平面,フラットヤーンクロス,,㎡,1.1,,,
表RA-9-4【市】,屋根保護防水絶縁断熱工法(1ｍ3当たり)ＢⅠ－２平面,断熱材,厚25㎜,㎡,1.04,,,
表RA-9-4【市】,屋根保護防水絶縁断熱工法(1ｍ3当たり)ＢⅠ－２平面,燃料,重油,L,1.6,,,
表RA-9-4【市】,屋根保護防水絶縁断熱工法(1ｍ3当たり)ＢⅠ－２平面,防水工,,人,0.096,,,
表RA-9-4【市】,屋根保護防水絶縁断熱工法(1ｍ3当たり)ＢⅠ－２平面,普通作業員,,人,0.034,,,
表RA-9-4【市】,屋根保護防水絶縁断熱工法(1ｍ3当たり)ＢⅠ－２平面,その他,,式,1,,,
表RA-9-6【市】,屋内防水密着工法(１㎡当たり)Ｅ－１平面,アスファルトプライマー,,㎏,0.2,,,
表RA-9-6【市】,屋内防水密着工法(１㎡当たり)Ｅ－１平面,アスファルト,3種,㎏,5.0,,,
表RA-9-6【市】,屋内防水密着工法(１㎡当たり)Ｅ－１平面,ゴムアスファルト系シール材,,L,―,,,
表RA-9-6【市】,屋内防水密着工法(１㎡当たり)Ｅ－１平面,アスファルトルーフィング,1500,㎡,2.28,,,
表RA-9-6【市】,屋内防水密着工法(１㎡当たり)Ｅ－１平面,網状アスファルトルーフィング,,㎡,―,,,
表RA-9-6【市】,屋内防水密着工法(１㎡当たり)Ｅ－１平面,ストレッチルーフィング,1000,㎡,1.14,,,
表RA-9-6【市】,屋内防水密着工法(１㎡当たり)Ｅ－１平面,燃料,重油,L,1.5,,,
表RA-9-6【市】,屋内防水密着工法(１㎡当たり)Ｅ－１平面,防水工,,人,0.059,,,
表RA-9-6【市】,屋内防水密着工法(１㎡当たり)Ｅ－１平面,普通作業員,,人,0.021,,,
表RA-9-6【市】,屋内防水密着工法(１㎡当たり)Ｅ－１平面,その他,,式,1,,,
表RA-9-6【市】,屋内防水密着工法(１㎡当たり)Ｅ－１立上り-立下り面,アスファルトプライマー,,㎏,0.2,,,
表RA-9-6【市】,屋内防水密着工法(１㎡当たり)Ｅ－１立上り-立下り面,アスファルト,3種,㎏,6.93,,,
表RA-9-6【市】,屋内防水密着工法(１㎡当たり)Ｅ－１立上り-立下り面,ゴムアスファルト系シール材,,L,0.25,,,
表RA-9-6【市】,屋内防水密着工法(１㎡当たり)Ｅ－１立上り-立下り面,アスファルトルーフィング,1500,㎡,2.28,,,
表RA-9-6【市】,屋内防水密着工法(１㎡当たり)Ｅ－１立上り-立下り面,網状アスファルトルーフィング,,㎡,0.26,,,
表RA-9-6【市】,屋内防水密着工法(１㎡当たり)Ｅ－１立上り-立下り面,ストレッチルーフィング,1000,㎡,3.14,,,
表RA-9-6【市】,屋内防水密着工法(１㎡当たり)Ｅ－１立上り-立下り面,燃料,重油,L,2.1,,,
表RA-9-6【市】,屋内防水密着工法(１㎡当たり)Ｅ－１立上り-立下り面,防水工,,人,0.13,,,
表RA-9-6【市】,屋内防水密着工法(１㎡当たり)Ｅ－１立上り-立下り面,普通作業員,,人,0.041,,,
表RA-9-6【市】,屋内防水密着工法(１㎡当たり)Ｅ－１立上り-立下り面,その他,,式,1,,,
表RA-9-6【市】,屋内防水密着工法(１㎡当たり)Ｅ－２平面,アスファルトプライマー,,㎏,0.2,,,
表RA-9-6【市】,屋内防水密着工法(１㎡当たり)Ｅ－２平面,アスファルト,3種,㎏,4.0,,,
表RA-9-6【市】,屋内防水密着工法(１㎡当たり)Ｅ－２平面,ゴムアスファルト系シール材,,L,―,,,
表RA-9-6【市】,屋内防水密着工法(１㎡当たり)Ｅ－２平面,アスファルトルーフィング,1500,㎡,1.14,,,
表RA-9-6【市】,屋内防水密着工法(１㎡当たり)Ｅ－２平面,網状アスファルトルーフィング,,㎡,―,,,
表RA-9-6【市】,屋内防水密着工法(１㎡当たり)Ｅ－２平面,ストレッチルーフィング,1000,㎡,1.14,,,
表RA-9-6【市】,屋内防水密着工法(１㎡当たり)Ｅ－２平面,燃料,重油,L,1.2,,,
表RA-9-6【市】,屋内防水密着工法(１㎡当たり)Ｅ－２平面,防水工,,人,0.044,,,
表RA-9-6【市】,屋内防水密着工法(１㎡当たり)Ｅ－２平面,普通作業員,,人,0.016,,,
表RA-9-6【市】,屋内防水密着工法(１㎡当たり)Ｅ－２平面,その他,,式,1,,,
表RA-9-6【市】,屋内防水密着工法(１㎡当たり)Ｅ－２立上り-立下り面,アスファルトプライマー,,㎏,0.2,,,
表RA-9-6【市】,屋内防水密着工法(１㎡当たり)Ｅ－２立上り-立下り面,アスファルト,3種,㎏,4.93,,,
表RA-9-6【市】,屋内防水密着工法(１㎡当たり)Ｅ－２立上り-立下り面,ゴムアスファルト系シール材,,L,0.25,,,
表RA-9-6【市】,屋内防水密着工法(１㎡当たり)Ｅ－２立上り-立下り面,アスファルトルーフィング,1500,㎡,1.14,,,
表RA-9-6【市】,屋内防水密着工法(１㎡当たり)Ｅ－２立上り-立下り面,網状アスファルトルーフィング,,㎡,0.26,,,
表RA-9-6【市】,屋内防水密着工法(１㎡当たり)Ｅ－２立上り-立下り面,ストレッチルーフィング,1000,㎡,2.0,,,
表RA-9-6【市】,屋内防水密着工法(１㎡当たり)Ｅ－２立上り-立下り面,燃料,重油,L,1.5,,,
表RA-9-6【市】,屋内防水密着工法(１㎡当たり)Ｅ－２立上り-立下り面,防水工,,人,0.091,,,
表RA-9-6【市】,屋内防水密着工法(１㎡当たり)Ｅ－２立上り-立下り面,普通作業員,,人,0.028,,,
表RA-9-6【市】,屋内防水密着工法(１㎡当たり)Ｅ－２立上り-立下り面,その他,,式,1,,,
表RA-9-9【専】,シーリング（AC-1アクリル系）(1ｍ3当たり)シーリング幅10mm以下,シーリング材,１成分形,Ｌ,0.055,,,
表RA-9-9【専】,シーリング（AC-1アクリル系）(1ｍ3当たり)シーリング幅10mm以下,補足材,シーリング材の10％,式,1,,,
表RA-9-9【専】,シーリング（AC-1アクリル系）(1ｍ3当たり)シーリング幅10mm以下,防水工,,人,0.015,,,
表RA-9-9【専】,シーリング（AC-1アクリル系）(1ｍ3当たり)シーリング幅10mm以下,その他,,式,1,,,
表RA-9-9【専】,シーリング（AC-1アクリル系）(1ｍ3当たり)シーリング幅10mmを超え15mm以下,シーリング材,１成分形,Ｌ,0.12,,,
表RA-9-9【専】,シーリング（AC-1アクリル系）(1ｍ3当たり)シーリング幅10mmを超え15mm以下,補足材,シーリング材の10％,式,1,,,
表RA-9-9【専】,シーリング（AC-1アクリル系）(1ｍ3当たり)シーリング幅10mmを超え15mm以下,防水工,,人,0.02,,,
表RA-9-9【専】,シーリング（AC-1アクリル系）(1ｍ3当たり)シーリング幅10mmを超え15mm以下,その他,,式,1,,,
表RA-10-1【設】【専】,外壁湿式工法(1㎡当たり)壁(花こう岩)ひき石厚30-600×800mm,石材,,㎡,1.0,,,
表RA-10-1【設】【専】,外壁湿式工法(1㎡当たり)壁(花こう岩)ひき石厚30-600×800mm,セメント,,kg,26.2,,,
表RA-10-1【設】【専】,外壁湿式工法(1㎡当たり)壁(花こう岩)ひき石厚30-600×800mm,砂,,ｍ3,0.063,,,
表RA-10-1【設】【専】,外壁湿式工法(1㎡当たり)壁(花こう岩)ひき石厚30-600×800mm,鉄筋,Ｄ10,kg,3.3,,,
表RA-10-1【設】【専】,外壁湿式工法(1㎡当たり)壁(花こう岩)ひき石厚30-600×800mm,引き金物,ステンレス製,kg,0.04,,,
表RA-10-1【設】【専】,外壁湿式工法(1㎡当たり)壁(花こう岩)ひき石厚30-600×800mm,引き金物,石厚40未満3.2mm,,,,,
表RA-10-1【設】【専】,外壁湿式工法(1㎡当たり)壁(花こう岩)ひき石厚30-600×800mm,引き金物,40以上4.0mm,,,,,
表RA-10-1【設】【専】,外壁湿式工法(1㎡当たり)壁(花こう岩)ひき石厚30-600×800mm,石工,,人,0.35,,,
表RA-10-1【設】【専】,外壁湿式工法(1㎡当たり)壁(花こう岩)ひき石厚30-600×800mm,普通作業員,,人,0.32,,,
表RA-10-1【設】【専】,外壁湿式工法(1㎡当たり)壁(花こう岩)ひき石厚30-600×800mm,その他,,式,1,,,
表RA-10-1【設】【専】,外壁湿式工法(1㎡当たり)壁(花こう岩)割石厚70-600×800mm,石材,,㎡,1.0,,,
表RA-10-1【設】【専】,外壁湿式工法(1㎡当たり)壁(花こう岩)割石厚70-600×800mm,セメント,,kg,36.5,,,
表RA-10-1【設】【専】,外壁湿式工法(1㎡当たり)壁(花こう岩)割石厚70-600×800mm,砂,,ｍ3,0.088,,,
表RA-10-1【設】【専】,外壁湿式工法(1㎡当たり)壁(花こう岩)割石厚70-600×800mm,鉄筋,Ｄ10,kg,3.3,,,
表RA-10-1【設】【専】,外壁湿式工法(1㎡当たり)壁(花こう岩)割石厚70-600×800mm,引き金物,ステンレス製,kg,0.09,,,
表RA-10-1【設】【専】,外壁湿式工法(1㎡当たり)壁(花こう岩)割石厚70-600×800mm,引き金物,石厚40未満3.2mm,,,,,
表RA-10-1【設】【専】,外壁湿式工法(1㎡当たり)壁(花こう岩)割石厚70-600×800mm,引き金物,40以上4.0mm,,,,,
表RA-10-1【設】【専】,外壁湿式工法(1㎡当たり)壁(花こう岩)割石厚70-600×800mm,石工,,人,0.4,,,
表RA-10-1【設】【専】,外壁湿式工法(1㎡当たり)壁(花こう岩)割石厚70-600×800mm,普通作業員,,人,0.36,,,
表RA-10-1【設】【専】,外壁湿式工法(1㎡当たり)壁(花こう岩)割石厚70-600×800mm,その他,,式,1,,,
表RA-10-2【設】【専】,内壁空積工法(1㎡当たり)壁(大理石)厚20-900×900mm,石材,,㎡,1.0,,,
表RA-10-2【設】【専】,内壁空積工法(1㎡当たり)壁(大理石)厚20-900×900mm,セメント,,kg,5.0,,,
表RA-10-2【設】【専】,内壁空積工法(1㎡当たり)壁(大理石)厚20-900×900mm,砂,,ｍ3,0.012,白色系の大理石の場合は、寒水石粒とする,,
表RA-10-2【設】【専】,内壁空積工法(1㎡当たり)壁(大理石)厚20-900×900mm,鉄筋,Ｄ10,kg,2.2,,,
表RA-10-2【設】【専】,内壁空積工法(1㎡当たり)壁(大理石)厚20-900×900mm,引き金物,ステンレス製3.2mm,kg,0.02,,,
表RA-10-2【設】【専】,内壁空積工法(1㎡当たり)壁(大理石)厚20-900×900mm,発泡スチロール,厚50㎜,㎡,0.08,,,
表RA-10-2【設】【専】,内壁空積工法(1㎡当たり)壁(大理石)厚20-900×900mm,石工,,人,0.33,,,
表RA-10-2【設】【専】,内壁空積工法(1㎡当たり)壁(大理石)厚20-900×900mm,普通作業員,,人,0.3,,,
表RA-10-2【設】【専】,内壁空積工法(1㎡当たり)壁(大理石)厚20-900×900mm,その他,,式,1,,,
表RA-10-3【設】【専】,床の石張り(1ｍ3当たり)床(花こう岩)ひき石厚30-600×600mm,石材,,㎡,1.0,,,
表RA-10-3【設】【専】,床の石張り(1ｍ3当たり)床(花こう岩)ひき石厚30-600×600mm,セメント,,kg,15.5,,,
表RA-10-3【設】【専】,床の石張り(1ｍ3当たり)床(花こう岩)ひき石厚30-600×600mm,砂,,ｍ3,0.039,,,
表RA-10-3【設】【専】,床の石張り(1ｍ3当たり)床(花こう岩)ひき石厚30-600×600mm,石工,,人,0.25,,,
表RA-10-3【設】【専】,床の石張り(1ｍ3当たり)床(花こう岩)ひき石厚30-600×600mm,普通作業員,,人,0.23,,,
表RA-10-3【設】【専】,床の石張り(1ｍ3当たり)床(花こう岩)ひき石厚30-600×600mm,その他,,式,1,,,
表RA-10-3【設】【専】,床の石張り(1ｍ3当たり)床(花こう岩)割石厚100-900×450mm,石材,,㎡,1.0,,,
表RA-10-3【設】【専】,床の石張り(1ｍ3当たり)床(花こう岩)割石厚100-900×450mm,セメント,,kg,20.0,,,
表RA-10-3【設】【専】,床の石張り(1ｍ3当たり)床(花こう岩)割石厚100-900×450mm,砂,,ｍ3,0.08,,,
表RA-10-3【設】【専】,床の石張り(1ｍ3当たり)床(花こう岩)割石厚100-900×450mm,石工,,人,0.3,,,
表RA-10-3【設】【専】,床の石張り(1ｍ3当たり)床(花こう岩)割石厚100-900×450mm,普通作業員,,人,0.27,,,
表RA-10-3【設】【専】,床の石張り(1ｍ3当たり)床(花こう岩)割石厚100-900×450mm,その他,,式,1,,,
表RA-10-3【設】【専】,床の石張り(1ｍ3当たり)床(大理石)石厚20-500×500mm,石材,,㎡,1.0,,,
表RA-10-3【設】【専】,床の石張り(1ｍ3当たり)床(大理石)石厚20-500×500mm,セメント,,kg,15.4,,,
表RA-10-3【設】【専】,床の石張り(1ｍ3当たり)床(大理石)石厚20-500×500mm,砂,,ｍ3,0.039,,,
表RA-10-3【設】【専】,床の石張り(1ｍ3当たり)床(大理石)石厚20-500×500mm,石工,,人,0.25,,,
表RA-10-3【設】【専】,床の石張り(1ｍ3当たり)床(大理石)石厚20-500×500mm,普通作業員,,人,0.23,,,
表RA-10-3【設】【専】,床の石張り(1ｍ3当たり)床(大理石)石厚20-500×500mm,その他,,式,1,,,
表RA-10-4【設】【専】,テラゾブロック張り(1㎡当たり)床厚30-500×500mm,床テラゾブロック,,㎡,1.0,,,
表RA-10-4【設】【専】,テラゾブロック張り(1㎡当たり)床厚30-500×500mm,壁テラゾブロック,,㎡,―,,,
表RA-10-4【設】【専】,テラゾブロック張り(1㎡当たり)床厚30-500×500mm,セメント,,kg,15.6,,,
表RA-10-4【設】【専】,テラゾブロック張り(1㎡当たり)床厚30-500×500mm,砂,,ｍ3,0.039,,,
表RA-10-4【設】【専】,テラゾブロック張り(1㎡当たり)床厚30-500×500mm,鉄筋,Ｄ10,kg,―,,,
表RA-10-4【設】【専】,テラゾブロック張り(1㎡当たり)床厚30-500×500mm,引き金物,ステンレス製3.2mm,kg,―,,,
表RA-10-4【設】【専】,テラゾブロック張り(1㎡当たり)床厚30-500×500mm,石工,,人,0.2,,,
表RA-10-4【設】【専】,テラゾブロック張り(1㎡当たり)床厚30-500×500mm,普通作業員,,人,0.18,,,
表RA-10-4【設】【専】,テラゾブロック張り(1㎡当たり)床厚30-500×500mm,その他,,式,1,,,
表RA-10-4【設】【専】,テラゾブロック張り(1㎡当たり)壁厚30-900×900mm,床テラゾブロック,,㎡,―,,,
表RA-10-4【設】【専】,テラゾブロック張り(1㎡当たり)壁厚30-900×900mm,壁テラゾブロック,,㎡,1.0,,,
表RA-10-4【設】【専】,テラゾブロック張り(1㎡当たり)壁厚30-900×900mm,セメント,,kg,25.4,,,
表RA-10-4【設】【専】,テラゾブロック張り(1㎡当たり)壁厚30-900×900mm,砂,,ｍ3,0.063,,,
表RA-10-4【設】【専】,テラゾブロック張り(1㎡当たり)壁厚30-900×900mm,鉄筋,Ｄ10,kg,2.2,,,
表RA-10-4【設】【専】,テラゾブロック張り(1㎡当たり)壁厚30-900×900mm,引き金物,ステンレス製3.2mm,kg,0.1,,,
表RA-10-4【設】【専】,テラゾブロック張り(1㎡当たり)壁厚30-900×900mm,石工,,人,0.25,,,
表RA-10-4【設】【専】,テラゾブロック張り(1㎡当たり)壁厚30-900×900mm,普通作業員,,人,0.23,,,
表RA-10-4【設】【専】,テラゾブロック張り(1㎡当たり)壁厚30-900×900mm,その他,,式,1,,,
表RA-10-5【設】【専】,幅木テラゾブロック張り(1ｍ当たり)厚25-900×75mm,テラゾブロック,,ｍ,1.0,,,
表RA-10-5【設】【専】,幅木テラゾブロック張り(1ｍ当たり)厚25-900×75mm,セメント,,kg,0.45,,,
表RA-10-5【設】【専】,幅木テラゾブロック張り(1ｍ当たり)厚25-900×75mm,砂,,ｍ3,0.001,,,
表RA-10-5【設】【専】,幅木テラゾブロック張り(1ｍ当たり)厚25-900×75mm,石工,,人,0.08,,,
表RA-10-5【設】【専】,幅木テラゾブロック張り(1ｍ当たり)厚25-900×75mm,普通作業員,,人,0.05,,,
表RA-10-5【設】【専】,幅木テラゾブロック張り(1ｍ当たり)厚25-900×75mm,その他,,式,1,,,
表RA-11-4【設】【専】,外装壁タイル(改良積上げ張り)(1㎡当たり)100mm角,内装タイル,,枚,102,,,
表RA-11-4【設】【専】,外装壁タイル(改良積上げ張り)(1㎡当たり)100mm角,セメント,,kg,5.8,,,
表RA-11-4【設】【専】,外装壁タイル(改良積上げ張り)(1㎡当たり)100mm角,細骨材,砂,ｍ3,0.019,,,
表RA-11-4【設】【専】,外装壁タイル(改良積上げ張り)(1㎡当たり)100mm角,タイル工,,人,0.25,,,
表RA-11-4【設】【専】,外装壁タイル(改良積上げ張り)(1㎡当たり)100mm角,普通作業員,,人,0.08,,,
表RA-11-4【設】【専】,外装壁タイル(改良積上げ張り)(1㎡当たり)100mm角,その他,,式,1,,,
表RA-11-6【設】【専】,内装壁タイル(改良積上げ張り)(1㎡当たり)100㎜角,内装タイル,,枚,102,,,
表RA-11-6【設】【専】,内装壁タイル(改良積上げ張り)(1㎡当たり)100㎜角,セメント,,kg,5.8,,,
表RA-11-6【設】【専】,内装壁タイル(改良積上げ張り)(1㎡当たり)100㎜角,細骨材,砂,ｍ3,0.019,,,
表RA-11-6【設】【専】,内装壁タイル(改良積上げ張り)(1㎡当たり)100㎜角,タイル工,,人,0.25,,,
表RA-11-6【設】【専】,内装壁タイル(改良積上げ張り)(1㎡当たり)100㎜角,普通作業員,,人,0.08,,,
表RA-11-6【設】【専】,内装壁タイル(改良積上げ張り)(1㎡当たり)100㎜角,その他,,式,1,,,
表RA-14-2【市】【専】,軽量鉄骨天井下地(1㎡当たり)19形(屋内),名称,摘要,単位,下地張りなし,備考,,
表RA-14-2【市】【専】,軽量鉄骨天井下地(1㎡当たり)19形(屋内),名称,摘要,単位,@225,備考,,
表RA-14-2【市】【専】,軽量鉄骨天井下地(1㎡当たり)19形(屋内),つりボルト,,ｍ,1.5,,,
表RA-14-2【市】【専】,軽量鉄骨天井下地(1㎡当たり)19形(屋内),野縁受け,,ｍ,1.4,,,
表RA-14-2【市】【専】,軽量鉄骨天井下地(1㎡当たり)19形(屋内),野縁受ハンガ,,個,1.5,,,
表RA-14-2【市】【専】,軽量鉄骨天井下地(1㎡当たり)19形(屋内),ナット,,個,3.1,,,
表RA-14-2【市】【専】,軽量鉄骨天井下地(1㎡当たり)19形(屋内),野縁受けジョイント,,個,0.2,,,
表RA-14-2【市】【専】,軽量鉄骨天井下地(1㎡当たり)19形(屋内),シングル野縁,,ｍ,2.3,,,
表RA-14-2【市】【専】,軽量鉄骨天井下地(1㎡当たり)19形(屋内),ダブル野縁,,ｍ,2.3,,,
表RA-14-2【市】【専】,軽量鉄骨天井下地(1㎡当たり)19形(屋内),シングル野縁ジョイント,,個,0.3,,,
表RA-14-2【市】【専】,軽量鉄骨天井下地(1㎡当たり)19形(屋内),ダブル野縁ジョイント,,個,0.3,,,
表RA-14-2【市】【専】,軽量鉄骨天井下地(1㎡当たり)19形(屋内),シングルクリップ,,個,2.6,,,
表RA-14-2【市】【専】,軽量鉄骨天井下地(1㎡当たり)19形(屋内),ダブルクリップ,,個,2.6,,,
表RA-14-2【市】【専】,軽量鉄骨天井下地(1㎡当たり)19形(屋内),内装工,,人,0.041,,,
表RA-14-2【市】【専】,軽量鉄骨天井下地(1㎡当たり)19形(屋内),その他,,式,1,,,
表RA-14-2【市】【専】,軽量鉄骨天井下地(1㎡当たり)19形(屋内).1,名称,摘要,単位,下地張りなし,備考,,
表RA-14-2【市】【専】,軽量鉄骨天井下地(1㎡当たり)19形(屋内).1,名称,摘要,単位,@300,備考,,
表RA-14-2【市】【専】,軽量鉄骨天井下地(1㎡当たり)19形(屋内).1,つりボルト,,ｍ,1.5,,,
表RA-14-2【市】【専】,軽量鉄骨天井下地(1㎡当たり)19形(屋内).1,野縁受け,,ｍ,1.4,,,
表RA-14-2【市】【専】,軽量鉄骨天井下地(1㎡当たり)19形(屋内).1,野縁受ハンガ,,個,1.5,,,
表RA-14-2【市】【専】,軽量鉄骨天井下地(1㎡当たり)19形(屋内).1,ナット,,個,3.1,,,
表RA-14-2【市】【専】,軽量鉄骨天井下地(1㎡当たり)19形(屋内).1,野縁受けジョイント,,個,0.2,,,
表RA-14-2【市】【専】,軽量鉄骨天井下地(1㎡当たり)19形(屋内).1,シングル野縁,,ｍ,2.3,,,
表RA-14-2【市】【専】,軽量鉄骨天井下地(1㎡当たり)19形(屋内).1,ダブル野縁,,ｍ,1.2,,,
表RA-14-2【市】【専】,軽量鉄骨天井下地(1㎡当たり)19形(屋内).1,シングル野縁ジョイント,,個,0.3,,,
表RA-14-2【市】【専】,軽量鉄骨天井下地(1㎡当たり)19形(屋内).1,ダブル野縁ジョイント,,個,0.2,,,
表RA-14-2【市】【専】,軽量鉄骨天井下地(1㎡当たり)19形(屋内).1,シングルクリップ,,個,2.6,,,
表RA-14-2【市】【専】,軽量鉄骨天井下地(1㎡当たり)19形(屋内).1,ダブルクリップ,,個,1.3,,,
表RA-14-2【市】【専】,軽量鉄骨天井下地(1㎡当たり)19形(屋内).1,内装工,,人,0.037,,,
表RA-14-2【市】【専】,軽量鉄骨天井下地(1㎡当たり)19形(屋内).1,その他,,式,1,,,
表RA-14-2【市】【専】,軽量鉄骨天井下地(1㎡当たり)19形(屋内).2,名称,摘要,単位,下地張りあり,備考,,
表RA-14-2【市】【専】,軽量鉄骨天井下地(1㎡当たり)19形(屋内).2,名称,摘要,単位,@360,備考,,
表RA-14-2【市】【専】,軽量鉄骨天井下地(1㎡当たり)19形(屋内).2,つりボルト,,ｍ,1.5,,,
表RA-14-2【市】【専】,軽量鉄骨天井下地(1㎡当たり)19形(屋内).2,野縁受け,,ｍ,1.4,,,
表RA-14-2【市】【専】,軽量鉄骨天井下地(1㎡当たり)19形(屋内).2,野縁受ハンガ,,個,1.5,,,
表RA-14-2【市】【専】,軽量鉄骨天井下地(1㎡当たり)19形(屋内).2,ナット,,個,3.1,,,
表RA-14-2【市】【専】,軽量鉄骨天井下地(1㎡当たり)19形(屋内).2,野縁受けジョイント,,個,0.2,,,
表RA-14-2【市】【専】,軽量鉄骨天井下地(1㎡当たり)19形(屋内).2,シングル野縁,,ｍ,2.3,,,
表RA-14-2【市】【専】,軽量鉄骨天井下地(1㎡当たり)19形(屋内).2,ダブル野縁,,ｍ,0.6,,,
表RA-14-2【市】【専】,軽量鉄骨天井下地(1㎡当たり)19形(屋内).2,シングル野縁ジョイント,,個,0.3,,,
表RA-14-2【市】【専】,軽量鉄骨天井下地(1㎡当たり)19形(屋内).2,ダブル野縁ジョイント,,個,0.1,,,
表RA-14-2【市】【専】,軽量鉄骨天井下地(1㎡当たり)19形(屋内).2,シングルクリップ,,個,2.6,,,
表RA-14-2【市】【専】,軽量鉄骨天井下地(1㎡当たり)19形(屋内).2,ダブルクリップ,,個,0.6,,,
表RA-14-2【市】【専】,軽量鉄骨天井下地(1㎡当たり)19形(屋内).2,内装工,,人,0.035,,,
表RA-14-2【市】【専】,軽量鉄骨天井下地(1㎡当たり)19形(屋内).2,その他,,式,1,,,
表RA-14-2【市】【専】,軽量鉄骨天井下地(1㎡当たり)19形(屋内).3,名称,摘要,単位,金属成形板用,備考,,
表RA-14-2【市】【専】,軽量鉄骨天井下地(1㎡当たり)19形(屋内).3,名称,摘要,単位,@360,備考,,
表RA-14-2【市】【専】,軽量鉄骨天井下地(1㎡当たり)19形(屋内).3,つりボルト,,ｍ,1.5,,,
表RA-14-2【市】【専】,軽量鉄骨天井下地(1㎡当たり)19形(屋内).3,野縁受け,,ｍ,1.4,,,
表RA-14-2【市】【専】,軽量鉄骨天井下地(1㎡当たり)19形(屋内).3,野縁受ハンガ,,個,1.5,,,
表RA-14-2【市】【専】,軽量鉄骨天井下地(1㎡当たり)19形(屋内).3,ナット,,個,3.1,,,
表RA-14-2【市】【専】,軽量鉄骨天井下地(1㎡当たり)19形(屋内).3,野縁受けジョイント,,個,0.2,,,
表RA-14-2【市】【専】,軽量鉄骨天井下地(1㎡当たり)19形(屋内).3,シングル野縁,,ｍ,2.9,,,
表RA-14-2【市】【専】,軽量鉄骨天井下地(1㎡当たり)19形(屋内).3,ダブル野縁,,ｍ,－,,,
表RA-14-2【市】【専】,軽量鉄骨天井下地(1㎡当たり)19形(屋内).3,シングル野縁ジョイント,,個,0.4,,,
表RA-14-2【市】【専】,軽量鉄骨天井下地(1㎡当たり)19形(屋内).3,ダブル野縁ジョイント,,個,－,,,
表RA-14-2【市】【専】,軽量鉄骨天井下地(1㎡当たり)19形(屋内).3,シングルクリップ,,個,3.2,,,
表RA-14-2【市】【専】,軽量鉄骨天井下地(1㎡当たり)19形(屋内).3,ダブルクリップ,,個,－,,,
表RA-14-2【市】【専】,軽量鉄骨天井下地(1㎡当たり)19形(屋内).3,内装工,,人,0.035,,,
表RA-14-2【市】【専】,軽量鉄骨天井下地(1㎡当たり)19形(屋内).3,その他,,式,1,,,
表RA-14-2【市】【専】,軽量鉄骨天井下地(1㎡当たり)25形(屋外),名称,摘要,単位,下地張りなし,備考,,
表RA-14-2【市】【専】,軽量鉄骨天井下地(1㎡当たり)25形(屋外),名称,摘要,単位,@225,備考,,
表RA-14-2【市】【専】,軽量鉄骨天井下地(1㎡当たり)25形(屋外),つりボルト,,ｍ,0.8,,,
表RA-14-2【市】【専】,軽量鉄骨天井下地(1㎡当たり)25形(屋外),野縁受け,,ｍ,1.4,,,
表RA-14-2【市】【専】,軽量鉄骨天井下地(1㎡当たり)25形(屋外),野縁受ハンガ,,個,1.5,,,
表RA-14-2【市】【専】,軽量鉄骨天井下地(1㎡当たり)25形(屋外),ナット,,個,3.1,,,
表RA-14-2【市】【専】,軽量鉄骨天井下地(1㎡当たり)25形(屋外),野縁受けジョイント,,個,0.2,,,
表RA-14-2【市】【専】,軽量鉄骨天井下地(1㎡当たり)25形(屋外),シングル野縁,,ｍ,2.3,,,
表RA-14-2【市】【専】,軽量鉄骨天井下地(1㎡当たり)25形(屋外),ダブル野縁,,ｍ,2.3,,,
表RA-14-2【市】【専】,軽量鉄骨天井下地(1㎡当たり)25形(屋外),シングル野縁ジョイント,,個,0.3,,,
表RA-14-2【市】【専】,軽量鉄骨天井下地(1㎡当たり)25形(屋外),ダブル野縁ジョイント,,個,0.3,,,
表RA-14-2【市】【専】,軽量鉄骨天井下地(1㎡当たり)25形(屋外),シングルクリップ,,個,2.6,,,
表RA-14-2【市】【専】,軽量鉄骨天井下地(1㎡当たり)25形(屋外),ダブルクリップ,,個,2.6,,,
表RA-14-2【市】【専】,軽量鉄骨天井下地(1㎡当たり)25形(屋外),内装工,,人,0.055,,,
表RA-14-2【市】【専】,軽量鉄骨天井下地(1㎡当たり)25形(屋外),その他,,式,1,,,
表RA-14-2【市】【専】,軽量鉄骨天井下地(1㎡当たり)25形(屋外).1,名称,摘要,単位,下地張りなし,備考,,
表RA-14-2【市】【専】,軽量鉄骨天井下地(1㎡当たり)25形(屋外).1,名称,摘要,単位,@300,備考,,
表RA-14-2【市】【専】,軽量鉄骨天井下地(1㎡当たり)25形(屋外).1,つりボルト,,ｍ,0.8,,,
表RA-14-2【市】【専】,軽量鉄骨天井下地(1㎡当たり)25形(屋外).1,野縁受け,,ｍ,1.4,,,
表RA-14-2【市】【専】,軽量鉄骨天井下地(1㎡当たり)25形(屋外).1,野縁受ハンガ,,個,1.5,,,
表RA-14-2【市】【専】,軽量鉄骨天井下地(1㎡当たり)25形(屋外).1,ナット,,個,3.1,,,
表RA-14-2【市】【専】,軽量鉄骨天井下地(1㎡当たり)25形(屋外).1,野縁受けジョイント,,個,0.2,,,
表RA-14-2【市】【専】,軽量鉄骨天井下地(1㎡当たり)25形(屋外).1,シングル野縁,,ｍ,2.3,,,
表RA-14-2【市】【専】,軽量鉄骨天井下地(1㎡当たり)25形(屋外).1,ダブル野縁,,ｍ,1.2,,,
表RA-14-2【市】【専】,軽量鉄骨天井下地(1㎡当たり)25形(屋外).1,シングル野縁ジョイント,,個,0.3,,,
表RA-14-2【市】【専】,軽量鉄骨天井下地(1㎡当たり)25形(屋外).1,ダブル野縁ジョイント,,個,0.2,,,
表RA-14-2【市】【専】,軽量鉄骨天井下地(1㎡当たり)25形(屋外).1,シングルクリップ,,個,2.6,,,
表RA-14-2【市】【専】,軽量鉄骨天井下地(1㎡当たり)25形(屋外).1,ダブルクリップ,,個,1.3,,,
表RA-14-2【市】【専】,軽量鉄骨天井下地(1㎡当たり)25形(屋外).1,内装工,,人,0.049,,,
表RA-14-2【市】【専】,軽量鉄骨天井下地(1㎡当たり)25形(屋外).1,その他,,式,1,,,
表RA-14-2【市】【専】,軽量鉄骨天井下地(1㎡当たり)25形(屋外).2,名称,摘要,単位,下地張りあり,備考,,
表RA-14-2【市】【専】,軽量鉄骨天井下地(1㎡当たり)25形(屋外).2,名称,摘要,単位,@360,備考,,
表RA-14-2【市】【専】,軽量鉄骨天井下地(1㎡当たり)25形(屋外).2,つりボルト,,ｍ,0.8,,,
表RA-14-2【市】【専】,軽量鉄骨天井下地(1㎡当たり)25形(屋外).2,野縁受け,,ｍ,1.4,,,
表RA-14-2【市】【専】,軽量鉄骨天井下地(1㎡当たり)25形(屋外).2,野縁受ハンガ,,個,1.5,,,
表RA-14-2【市】【専】,軽量鉄骨天井下地(1㎡当たり)25形(屋外).2,ナット,,個,3.1,,,
表RA-14-2【市】【専】,軽量鉄骨天井下地(1㎡当たり)25形(屋外).2,野縁受けジョイント,,個,0.2,,,
表RA-14-2【市】【専】,軽量鉄骨天井下地(1㎡当たり)25形(屋外).2,シングル野縁,,ｍ,2.9,,,
表RA-14-2【市】【専】,軽量鉄骨天井下地(1㎡当たり)25形(屋外).2,ダブル野縁,,ｍ,0.6,,,
表RA-14-2【市】【専】,軽量鉄骨天井下地(1㎡当たり)25形(屋外).2,シングル野縁ジョイント,,個,0.4,,,
表RA-14-2【市】【専】,軽量鉄骨天井下地(1㎡当たり)25形(屋外).2,ダブル野縁ジョイント,,個,0.1,,,
表RA-14-2【市】【専】,軽量鉄骨天井下地(1㎡当たり)25形(屋外).2,シングルクリップ,,個,3.2,,,
表RA-14-2【市】【専】,軽量鉄骨天井下地(1㎡当たり)25形(屋外).2,ダブルクリップ,,個,0.6,,,
表RA-14-2【市】【専】,軽量鉄骨天井下地(1㎡当たり)25形(屋外).2,内装工,,人,0.049,,,
表RA-14-2【市】【専】,軽量鉄骨天井下地(1㎡当たり)25形(屋外).2,その他,,式,1,,,
表RA-14-2【市】【専】,軽量鉄骨天井下地(1㎡当たり)25形(屋外).3,名称,摘要,単位,金属成形板用,備考,,
表RA-14-2【市】【専】,軽量鉄骨天井下地(1㎡当たり)25形(屋外).3,名称,摘要,単位,@360,備考,,
表RA-14-2【市】【専】,軽量鉄骨天井下地(1㎡当たり)25形(屋外).3,つりボルト,,ｍ,0.8,,,
表RA-14-2【市】【専】,軽量鉄骨天井下地(1㎡当たり)25形(屋外).3,野縁受け,,ｍ,1.4,,,
表RA-14-2【市】【専】,軽量鉄骨天井下地(1㎡当たり)25形(屋外).3,野縁受ハンガ,,個,1.5,,,
表RA-14-2【市】【専】,軽量鉄骨天井下地(1㎡当たり)25形(屋外).3,ナット,,個,3.1,,,
表RA-14-2【市】【専】,軽量鉄骨天井下地(1㎡当たり)25形(屋外).3,野縁受けジョイント,,個,0.2,,,
表RA-14-2【市】【専】,軽量鉄骨天井下地(1㎡当たり)25形(屋外).3,シングル野縁,,ｍ,3.5,,,
表RA-14-2【市】【専】,軽量鉄骨天井下地(1㎡当たり)25形(屋外).3,ダブル野縁,,ｍ,－,,,
表RA-14-2【市】【専】,軽量鉄骨天井下地(1㎡当たり)25形(屋外).3,シングル野縁ジョイント,,個,0.5,,,
表RA-14-2【市】【専】,軽量鉄骨天井下地(1㎡当たり)25形(屋外).3,ダブル野縁ジョイント,,個,－,,,
表RA-14-2【市】【専】,軽量鉄骨天井下地(1㎡当たり)25形(屋外).3,シングルクリップ,,個,3.9,,,
表RA-14-2【市】【専】,軽量鉄骨天井下地(1㎡当たり)25形(屋外).3,ダブルクリップ,,個,－,,,
表RA-14-2【市】【専】,軽量鉄骨天井下地(1㎡当たり)25形(屋外).3,内装工,,人,0.049,,,
表RA-14-2【市】【専】,軽量鉄骨天井下地(1㎡当たり)25形(屋外).3,その他,,式,1,,,
表RA-15-1【専】,床コンクリート直均し仕上げ(1㎡当たり)薄物仕上げ,左官,,人,0.035,,,
表RA-15-1【専】,床コンクリート直均し仕上げ(1㎡当たり)薄物仕上げ,その他,,式,1,,,
表RA-15-1【専】,床コンクリート直均し仕上げ(1㎡当たり)厚物仕上げ,左官,,人,0.025,,,
表RA-15-1【専】,床コンクリート直均し仕上げ(1㎡当たり)厚物仕上げ,その他,,式,1,,,
表RA-15-2【市】【専】,床モルタル塗り(1㎡当たり)ビニル系床材下地,セメント,,kg,11.1,,,
表RA-15-2【市】【専】,床モルタル塗り(1㎡当たり)ビニル系床材下地,細骨材,砂,ｍ3,0.037,,,
表RA-15-2【市】【専】,床モルタル塗り(1㎡当たり)ビニル系床材下地,左官,,人,0.045,,,
表RA-15-2【市】【専】,床モルタル塗り(1㎡当たり)ビニル系床材下地,普通作業員,,人,0.034,,,
表RA-15-2【市】【専】,床モルタル塗り(1㎡当たり)ビニル系床材下地,その他,,式,1,,,
表RA-15-2【市】【専】,床モルタル塗り(1㎡当たり)モルタル仕上げ,セメント,,kg,16.9,,,
表RA-15-2【市】【専】,床モルタル塗り(1㎡当たり)モルタル仕上げ,細骨材,砂,ｍ3,0.035,,,
表RA-15-2【市】【専】,床モルタル塗り(1㎡当たり)モルタル仕上げ,左官,,人,0.045,,,
表RA-15-2【市】【専】,床モルタル塗り(1㎡当たり)モルタル仕上げ,普通作業員,,人,0.036,,,
表RA-15-2【市】【専】,床モルタル塗り(1㎡当たり)モルタル仕上げ,その他,,式,1,,,
表RA-15-2【市】【専】,床モルタル塗り(1㎡当たり)ユニットタイル下地,セメント,,kg,11.0,,,
表RA-15-2【市】【専】,床モルタル塗り(1㎡当たり)ユニットタイル下地,細骨材,砂,ｍ3,0.027,,,
表RA-15-2【市】【専】,床モルタル塗り(1㎡当たり)ユニットタイル下地,左官,,人,0.04,,,
表RA-15-2【市】【専】,床モルタル塗り(1㎡当たり)ユニットタイル下地,普通作業員,,人,0.026,,,
表RA-15-2【市】【専】,床モルタル塗り(1㎡当たり)ユニットタイル下地,その他,,式,1,,,
表RA-15-2【市】【専】,床モルタル塗り(1㎡当たり)一般タイル下地,セメント,,kg,18.4,,,
表RA-15-2【市】【専】,床モルタル塗り(1㎡当たり)一般タイル下地,細骨材,砂,ｍ3,0.046,,,
表RA-15-2【市】【専】,床モルタル塗り(1㎡当たり)一般タイル下地,左官,,人,0.05,,,
表RA-15-2【市】【専】,床モルタル塗り(1㎡当たり)一般タイル下地,普通作業員,,人,0.044,,,
表RA-15-2【市】【専】,床モルタル塗り(1㎡当たり)一般タイル下地,その他,,式,1,,,
表RA-15-2【市】【専】,床モルタル塗り(1㎡当たり)防水下地,セメント,,kg,9.0,,,
表RA-15-2【市】【専】,床モルタル塗り(1㎡当たり)防水下地,細骨材,砂,ｍ3,0.022,,,
表RA-15-2【市】【専】,床モルタル塗り(1㎡当たり)防水下地,左官,,人,0.04,,,
表RA-15-2【市】【専】,床モルタル塗り(1㎡当たり)防水下地,普通作業員,,人,0.022,,,
表RA-15-2【市】【専】,床モルタル塗り(1㎡当たり)防水下地,その他,,式,1,,,
表RA-15-3【市】,階段モルタル塗り(1㎡当たり)ビニル系床材下地,セメント,,kg,11.1,,,
表RA-15-3【市】,階段モルタル塗り(1㎡当たり)ビニル系床材下地,細骨材,砂,ｍ3,0.037,,,
表RA-15-3【市】,階段モルタル塗り(1㎡当たり)ビニル系床材下地,左官,,人,0.18,,,
表RA-15-3【市】,階段モルタル塗り(1㎡当たり)ビニル系床材下地,普通作業員,,人,0.034,,,
表RA-15-3【市】,階段モルタル塗り(1㎡当たり)ビニル系床材下地,その他,,式,1,,,
表RA-15-3【市】,階段モルタル塗り(1㎡当たり)モルタル仕上げ,セメント,,kg,16.9,,,
表RA-15-3【市】,階段モルタル塗り(1㎡当たり)モルタル仕上げ,細骨材,砂,ｍ3,0.035,,,
表RA-15-3【市】,階段モルタル塗り(1㎡当たり)モルタル仕上げ,左官,,人,0.18,,,
表RA-15-3【市】,階段モルタル塗り(1㎡当たり)モルタル仕上げ,普通作業員,,人,0.036,,,
表RA-15-3【市】,階段モルタル塗り(1㎡当たり)モルタル仕上げ,その他,,式,1,,,
表RA-15-8【市】,外部役物モルタル塗り(1ｍ当たり)パラペット糸幅=500mm,セメント,,kg,6.5,,,
表RA-15-8【市】,外部役物モルタル塗り(1ｍ当たり)パラペット糸幅=500mm,細骨材,砂,ｍ3,0.015,,,
表RA-15-8【市】,外部役物モルタル塗り(1ｍ当たり)パラペット糸幅=500mm,左官,,人,0.18,,,
表RA-15-8【市】,外部役物モルタル塗り(1ｍ当たり)パラペット糸幅=500mm,普通作業員,,人,0.015,,,
表RA-15-8【市】,外部役物モルタル塗り(1ｍ当たり)パラペット糸幅=500mm,その他,,式,1,,,
表RA-15-8【市】,外部役物モルタル塗り(1ｍ当たり)笠木糸幅=340mm,セメント,,kg,4.4,,,
表RA-15-8【市】,外部役物モルタル塗り(1ｍ当たり)笠木糸幅=340mm,細骨材,砂,ｍ3,0.01,,,
表RA-15-8【市】,外部役物モルタル塗り(1ｍ当たり)笠木糸幅=340mm,左官,,人,0.1,,,
表RA-15-8【市】,外部役物モルタル塗り(1ｍ当たり)笠木糸幅=340mm,普通作業員,,人,0.01,,,
表RA-15-8【市】,外部役物モルタル塗り(1ｍ当たり)笠木糸幅=340mm,その他,,式,1,,,
表RA-15-8【市】,外部役物モルタル塗り(1ｍ当たり)水切糸幅=170mm,セメント,,kg,2.2,,,
表RA-15-8【市】,外部役物モルタル塗り(1ｍ当たり)水切糸幅=170mm,細骨材,砂,ｍ3,0.005,,,
表RA-15-8【市】,外部役物モルタル塗り(1ｍ当たり)水切糸幅=170mm,左官,,人,0.07,,,
表RA-15-8【市】,外部役物モルタル塗り(1ｍ当たり)水切糸幅=170mm,普通作業員,,人,0.005,,,
表RA-15-8【市】,外部役物モルタル塗り(1ｍ当たり)水切糸幅=170mm,その他,,式,1,,,
表RA-15-8【市】,外部役物モルタル塗り(1ｍ当たり)窓台糸幅=150mm,セメント,,kg,2.0,,,
表RA-15-8【市】,外部役物モルタル塗り(1ｍ当たり)窓台糸幅=150mm,細骨材,砂,ｍ3,0.005,,,
表RA-15-8【市】,外部役物モルタル塗り(1ｍ当たり)窓台糸幅=150mm,左官,,人,0.08,,,
表RA-15-8【市】,外部役物モルタル塗り(1ｍ当たり)窓台糸幅=150mm,普通作業員,,人,0.005,,,
表RA-15-8【市】,外部役物モルタル塗り(1ｍ当たり)窓台糸幅=150mm,その他,,式,1,,,
表RA-15-9【市】【専】,内部役物モルタル塗り(1ｍ当たり)笠木糸幅=160mm,セメント,,kg,2.1,,,
表RA-15-9【市】【専】,内部役物モルタル塗り(1ｍ当たり)笠木糸幅=160mm,細骨材,砂,ｍ3,0.005,,,
表RA-15-9【市】【専】,内部役物モルタル塗り(1ｍ当たり)笠木糸幅=160mm,左官,,人,0.08,,,
表RA-15-9【市】【専】,内部役物モルタル塗り(1ｍ当たり)笠木糸幅=160mm,普通作業員,,人,0.005,,,
表RA-15-9【市】【専】,内部役物モルタル塗り(1ｍ当たり)笠木糸幅=160mm,その他,,式,1,,,
表RA-15-9【市】【専】,内部役物モルタル塗り(1ｍ当たり)膳板糸幅=150mm,セメント,,kg,2.0,,,
表RA-15-9【市】【専】,内部役物モルタル塗り(1ｍ当たり)膳板糸幅=150mm,細骨材,砂,ｍ3,0.005,,,
表RA-15-9【市】【専】,内部役物モルタル塗り(1ｍ当たり)膳板糸幅=150mm,左官,,人,0.07,,,
表RA-15-9【市】【専】,内部役物モルタル塗り(1ｍ当たり)膳板糸幅=150mm,普通作業員,,人,0.005,,,
表RA-15-9【市】【専】,内部役物モルタル塗り(1ｍ当たり)膳板糸幅=150mm,その他,,式,1,,,
表RA-15-9【市】【専】,内部役物モルタル塗り(1ｍ当たり)柱コーナー加算,セメント,,kg,─,,,
表RA-15-9【市】【専】,内部役物モルタル塗り(1ｍ当たり)柱コーナー加算,細骨材,砂,ｍ3,─,,,
表RA-15-9【市】【専】,内部役物モルタル塗り(1ｍ当たり)柱コーナー加算,左官,,人,0.015,,,
表RA-15-9【市】【専】,内部役物モルタル塗り(1ｍ当たり)柱コーナー加算,普通作業員,,人,─,,,
表RA-15-9【市】【専】,内部役物モルタル塗り(1ｍ当たり)柱コーナー加算,その他,,式,1,,,
表RA-15-9【市】【専】,内部役物モルタル塗り(1ｍ当たり)梁コーナー加算,セメント,,kg,─,,,
表RA-15-9【市】【専】,内部役物モルタル塗り(1ｍ当たり)梁コーナー加算,細骨材,砂,ｍ3,─,,,
表RA-15-9【市】【専】,内部役物モルタル塗り(1ｍ当たり)梁コーナー加算,左官,,人,0.02,,,
表RA-15-9【市】【専】,内部役物モルタル塗り(1ｍ当たり)梁コーナー加算,普通作業員,,人,─,,,
表RA-15-9【市】【専】,内部役物モルタル塗り(1ｍ当たり)梁コーナー加算,その他,,式,1,,,
表RA-15-10【専】,建具周囲モルタル充てん(1ｍ当たり)外部,セメント,,kg,4.9,,,
表RA-15-10【専】,建具周囲モルタル充てん(1ｍ当たり)外部,細骨材,砂,ｍ3,0.012,,,
表RA-15-10【専】,建具周囲モルタル充てん(1ｍ当たり)外部,防水剤,,kg,0.1,,,
表RA-15-10【専】,建具周囲モルタル充てん(1ｍ当たり)外部,左官,,人,0.06,,,
表RA-15-10【専】,建具周囲モルタル充てん(1ｍ当たり)外部,普通作業員,,人,0.01,,,
表RA-15-10【専】,建具周囲モルタル充てん(1ｍ当たり)外部,その他,,式,1,,,
表RA-15-10【専】,建具周囲モルタル充てん(1ｍ当たり)内部,セメント,,kg,4.9,,,
表RA-15-10【専】,建具周囲モルタル充てん(1ｍ当たり)内部,細骨材,砂,ｍ3,0.012,,,
表RA-15-10【専】,建具周囲モルタル充てん(1ｍ当たり)内部,防水剤,,kg,─,,,
表RA-15-10【専】,建具周囲モルタル充てん(1ｍ当たり)内部,左官,,人,0.05,,,
表RA-15-10【専】,建具周囲モルタル充てん(1ｍ当たり)内部,普通作業員,,人,0.01,,,
表RA-15-10【専】,建具周囲モルタル充てん(1ｍ当たり)内部,その他,,式,1,,,
表RA-15-11【専】,防水入隅処理(モルタル)(１ｍ当たり),セメント,,㎏,0.28,,,
表RA-15-11【専】,防水入隅処理(モルタル)(１ｍ当たり),細骨材,砂,ｍ3,0.00068,,,
表RA-15-11【専】,防水入隅処理(モルタル)(１ｍ当たり),左官,,人,0.01,,,
表RA-15-11【専】,防水入隅処理(モルタル)(１ｍ当たり),普通作業員,,人,0.00072,,,
表RA-15-11【専】,防水入隅処理(モルタル)(１ｍ当たり),その他,,式,1,,,
表RA-16-5【専】,特殊建具金物取付け(１か所当たり・押板１組当たり)ドアクローザ,サッシ工,,人,0.08,,,
表RA-16-5【専】,特殊建具金物取付け(１か所当たり・押板１組当たり)ドアクローザ,普通作業員,,人,0.01,,,
表RA-16-5【専】,特殊建具金物取付け(１か所当たり・押板１組当たり)ドアクローザ,その他,,式,1,,,
表RA-16-5【専】,特殊建具金物取付け(１か所当たり・押板１組当たり)フロアヒンジ,サッシ工,,人,0.12,,,
表RA-16-5【専】,特殊建具金物取付け(１か所当たり・押板１組当たり)フロアヒンジ,普通作業員,,人,0.02,,,
表RA-16-5【専】,特殊建具金物取付け(１か所当たり・押板１組当たり)フロアヒンジ,その他,,式,1,,,
表RA-16-5【専】,特殊建具金物取付け(１か所当たり・押板１組当たり)押板,サッシ工,,人,0.11,,,
表RA-16-5【専】,特殊建具金物取付け(１か所当たり・押板１組当たり)押板,普通作業員,,人,0.01,,,
表RA-16-5【専】,特殊建具金物取付け(１か所当たり・押板１組当たり)押板,その他,,式,1,,,
表RA-16-7【市】,網入型板ガラス(1㎡当たり)厚6.8mm特寸2.18㎡以下,網入型板ガラス,,㎡,1.03,,,
表RA-16-7【市】,網入型板ガラス(1㎡当たり)厚6.8mm特寸2.18㎡以下,ガラス工,,人,0.13,,,
表RA-16-7【市】,網入型板ガラス(1㎡当たり)厚6.8mm特寸2.18㎡以下,その他,,式,1,,,
表RA-16-7【市】,網入型板ガラス(1㎡当たり)厚6.8mm特寸4.45㎡以下,網入型板ガラス,,㎡,1.03,,,
表RA-16-7【市】,網入型板ガラス(1㎡当たり)厚6.8mm特寸4.45㎡以下,ガラス工,,人,0.19,,,
表RA-16-7【市】,網入型板ガラス(1㎡当たり)厚6.8mm特寸4.45㎡以下,その他,,式,1,,,
表RA-16-10【市】,網入磨き板ガラス(1㎡当たり)厚6.8mm特寸2.18㎡以下,網入磨き板ガラス,,㎡,1.03,,,
表RA-16-10【市】,網入磨き板ガラス(1㎡当たり)厚6.8mm特寸2.18㎡以下,ガラス工,,人,0.13,,,
表RA-16-10【市】,網入磨き板ガラス(1㎡当たり)厚6.8mm特寸2.18㎡以下,その他,,式,1,,,
表RA-16-10【市】,網入磨き板ガラス(1㎡当たり)厚6.8mm特寸4.45㎡以下,網入磨き板ガラス,,㎡,1.03,,,
表RA-16-10【市】,網入磨き板ガラス(1㎡当たり)厚6.8mm特寸4.45㎡以下,ガラス工,,人,0.19,,,
表RA-16-10【市】,網入磨き板ガラス(1㎡当たり)厚6.8mm特寸4.45㎡以下,その他,,式,1,,,
表RA-16-14【市】,"強化ガラス(厚5,6mm)(1㎡当たり)厚5mm特寸2.0㎡以下",強化ガラス,,㎡,1.0,,,
表RA-16-14【市】,"強化ガラス(厚5,6mm)(1㎡当たり)厚5mm特寸2.0㎡以下",ガラス工,,人,0.09,,,
表RA-16-14【市】,"強化ガラス(厚5,6mm)(1㎡当たり)厚5mm特寸2.0㎡以下",その他,,式,1,,,
表RA-16-14【市】,"強化ガラス(厚5,6mm)(1㎡当たり)厚5mm特寸4.0㎡以下",強化ガラス,,㎡,1.0,,,
表RA-16-14【市】,"強化ガラス(厚5,6mm)(1㎡当たり)厚5mm特寸4.0㎡以下",ガラス工,,人,0.14,,,
表RA-16-14【市】,"強化ガラス(厚5,6mm)(1㎡当たり)厚5mm特寸4.0㎡以下",その他,,式,1,,,
表RA-16-14【市】,"強化ガラス(厚5,6mm)(1㎡当たり)厚6mm特寸2.0㎡以下",強化ガラス,,㎡,1.0,,,
表RA-16-14【市】,"強化ガラス(厚5,6mm)(1㎡当たり)厚6mm特寸2.0㎡以下",ガラス工,,人,0.09,,,
表RA-16-14【市】,"強化ガラス(厚5,6mm)(1㎡当たり)厚6mm特寸2.0㎡以下",その他,,式,1,,,
表RA-16-14【市】,"強化ガラス(厚5,6mm)(1㎡当たり)厚6mm特寸4.0㎡以下",強化ガラス,,㎡,1.0,,,
表RA-16-14【市】,"強化ガラス(厚5,6mm)(1㎡当たり)厚6mm特寸4.0㎡以下",ガラス工,,人,0.14,,,
表RA-16-14【市】,"強化ガラス(厚5,6mm)(1㎡当たり)厚6mm特寸4.0㎡以下",その他,,式,1,,,
表RA-16-15【市】,強化ガラス(厚8mm)(1㎡当たり)厚8mm特寸2.0㎡以下,強化ガラス,,㎡,1.0,,,
表RA-16-15【市】,強化ガラス(厚8mm)(1㎡当たり)厚8mm特寸2.0㎡以下,ガラス工,,人,0.13,,,
表RA-16-15【市】,強化ガラス(厚8mm)(1㎡当たり)厚8mm特寸2.0㎡以下,その他,,式,1,,,
表RA-16-15【市】,強化ガラス(厚8mm)(1㎡当たり)厚8mm特寸4.0㎡以下,強化ガラス,,㎡,1.0,,,
表RA-16-15【市】,強化ガラス(厚8mm)(1㎡当たり)厚8mm特寸4.0㎡以下,ガラス工,,人,0.19,,,
表RA-16-15【市】,強化ガラス(厚8mm)(1㎡当たり)厚8mm特寸4.0㎡以下,その他,,式,1,,,
表RA-16-16【市】【専】,"強化ガラス(厚10,12mm)(1㎡当たり)厚10mm特寸2.0㎡以下",強化ガラス,,㎡,1.0,,,
表RA-16-16【市】【専】,"強化ガラス(厚10,12mm)(1㎡当たり)厚10mm特寸2.0㎡以下",ガラス工,,人,0.16,,,
表RA-16-16【市】【専】,"強化ガラス(厚10,12mm)(1㎡当たり)厚10mm特寸2.0㎡以下",その他,,式,1,,,
表RA-16-16【市】【専】,"強化ガラス(厚10,12mm)(1㎡当たり)厚10mm特寸4.0㎡以下",強化ガラス,,㎡,1.0,,,
表RA-16-16【市】【専】,"強化ガラス(厚10,12mm)(1㎡当たり)厚10mm特寸4.0㎡以下",ガラス工,,人,0.24,,,
表RA-16-16【市】【専】,"強化ガラス(厚10,12mm)(1㎡当たり)厚10mm特寸4.0㎡以下",その他,,式,1,,,
表RA-16-16【市】【専】,"強化ガラス(厚10,12mm)(1㎡当たり)厚12mm特寸2.0㎡以下",強化ガラス,,㎡,1.0,,,
表RA-16-16【市】【専】,"強化ガラス(厚10,12mm)(1㎡当たり)厚12mm特寸2.0㎡以下",ガラス工,,人,0.19,,,
表RA-16-16【市】【専】,"強化ガラス(厚10,12mm)(1㎡当たり)厚12mm特寸2.0㎡以下",その他,,式,1,,,
表RA-16-16【市】【専】,"強化ガラス(厚10,12mm)(1㎡当たり)厚12mm特寸4.0㎡以下",強化ガラス,,㎡,1.0,,,
表RA-16-16【市】【専】,"強化ガラス(厚10,12mm)(1㎡当たり)厚12mm特寸4.0㎡以下",ガラス工,,人,0.28,,,
表RA-16-16【市】【専】,"強化ガラス(厚10,12mm)(1㎡当たり)厚12mm特寸4.0㎡以下",その他,,式,1,,,
表RA-16-17【専】,倍強度ガラス(厚6～8mm)(1㎡当たり)厚6mm特寸2.0㎡以下,倍強度ガラス,,㎡,1.0,,,
表RA-16-17【専】,倍強度ガラス(厚6～8mm)(1㎡当たり)厚6mm特寸2.0㎡以下,ガラス工,,人,0.09,,,
表RA-16-17【専】,倍強度ガラス(厚6～8mm)(1㎡当たり)厚6mm特寸2.0㎡以下,その他,,式,1,,,
表RA-16-17【専】,倍強度ガラス(厚6～8mm)(1㎡当たり)厚6mm特寸4.0㎡以下,倍強度ガラス,,㎡,1.0,,,
表RA-16-17【専】,倍強度ガラス(厚6～8mm)(1㎡当たり)厚6mm特寸4.0㎡以下,ガラス工,,人,0.14,,,
表RA-16-17【専】,倍強度ガラス(厚6～8mm)(1㎡当たり)厚6mm特寸4.0㎡以下,その他,,式,1,,,
表RA-16-17【専】,倍強度ガラス(厚6～8mm)(1㎡当たり)厚8mm特寸2.0㎡以下,倍強度ガラス,,㎡,1.0,,,
表RA-16-17【専】,倍強度ガラス(厚6～8mm)(1㎡当たり)厚8mm特寸2.0㎡以下,ガラス工,,人,0.13,,,
表RA-16-17【専】,倍強度ガラス(厚6～8mm)(1㎡当たり)厚8mm特寸2.0㎡以下,その他,,式,1,,,
表RA-16-17【専】,倍強度ガラス(厚6～8mm)(1㎡当たり)厚8mm特寸4.0㎡以下,倍強度ガラス,,㎡,1.0,,,
表RA-16-17【専】,倍強度ガラス(厚6～8mm)(1㎡当たり)厚8mm特寸4.0㎡以下,ガラス工,,人,0.19,,,
表RA-16-17【専】,倍強度ガラス(厚6～8mm)(1㎡当たり)厚8mm特寸4.0㎡以下,その他,,式,1,,,
表RA-16-17【専】,倍強度ガラス(厚6～8mm)(1㎡当たり)厚8mm特寸6.0㎡以下,倍強度ガラス,,㎡,1.0,,,
表RA-16-17【専】,倍強度ガラス(厚6～8mm)(1㎡当たり)厚8mm特寸6.0㎡以下,ガラス工,,人,0.23,,,
表RA-16-17【専】,倍強度ガラス(厚6～8mm)(1㎡当たり)厚8mm特寸6.0㎡以下,その他,,式,1,,,
表RA-17-3【市】,【標仕仕様】コンクリート面の素地ごしらえ(1㎡当たり)Ａ種,建築用下地調整塗材,JISA6916,kg,1.5,,,
表RA-17-3【市】,【標仕仕様】コンクリート面の素地ごしらえ(1㎡当たり)Ａ種,合成樹脂エマルションパテ,JISK5669(耐水形),kg,0.15,,,
表RA-17-3【市】,【標仕仕様】コンクリート面の素地ごしらえ(1㎡当たり)Ａ種,研磨紙,P120～220,枚,0.13,,,
表RA-17-3【市】,【標仕仕様】コンクリート面の素地ごしらえ(1㎡当たり)Ａ種,左官,,人,0.02,,,
表RA-17-3【市】,【標仕仕様】コンクリート面の素地ごしらえ(1㎡当たり)Ａ種,塗装工,,人,0.023,,,
表RA-17-3【市】,【標仕仕様】コンクリート面の素地ごしらえ(1㎡当たり)Ａ種,その他,,式,1,,,
表RA-17-3【市】,【標仕仕様】コンクリート面の素地ごしらえ(1㎡当たり)Ｂ種,建築用下地調整塗材,JISA6916,kg,1.5,,,
表RA-17-3【市】,【標仕仕様】コンクリート面の素地ごしらえ(1㎡当たり)Ｂ種,合成樹脂エマルションパテ,JISK5669(耐水形),kg,―,,,
表RA-17-3【市】,【標仕仕様】コンクリート面の素地ごしらえ(1㎡当たり)Ｂ種,研磨紙,P120～220,枚,0.07,,,
表RA-17-3【市】,【標仕仕様】コンクリート面の素地ごしらえ(1㎡当たり)Ｂ種,左官,,人,0.02,,,
表RA-17-3【市】,【標仕仕様】コンクリート面の素地ごしらえ(1㎡当たり)Ｂ種,塗装工,,人,0.004,,,
表RA-17-3【市】,【標仕仕様】コンクリート面の素地ごしらえ(1㎡当たり)Ｂ種,その他,,式,1,,,
表RA-17-8【市】,【標仕仕様】合成樹脂調合ペイント塗り(ＳＯＰ)(1㎡当たり)木部,名称,摘要,単位,Ａ種,備考,,
表RA-17-8【市】,【標仕仕様】合成樹脂調合ペイント塗り(ＳＯＰ)(1㎡当たり)木部,木部下塗り用調合ペイント,JASS18M-304,kg,0.18,合成樹脂,,
表RA-17-8【市】,【標仕仕様】合成樹脂調合ペイント塗り(ＳＯＰ)(1㎡当たり)木部,合成樹脂調合ペイント,JISK55161種,kg,0.17,,,
表RA-17-8【市】,【標仕仕様】合成樹脂調合ペイント塗り(ＳＯＰ)(1㎡当たり)木部,合成樹脂エマルションパテ,JISK5669(耐水形),kg,―,,,
表RA-17-8【市】,【標仕仕様】合成樹脂調合ペイント塗り(ＳＯＰ)(1㎡当たり)木部,研磨紙,P120～220,枚,―,,,
表RA-17-8【市】,【標仕仕様】合成樹脂調合ペイント塗り(ＳＯＰ)(1㎡当たり)木部,研磨紙,P220～240,枚,―,,,
表RA-17-8【市】,【標仕仕様】合成樹脂調合ペイント塗り(ＳＯＰ)(1㎡当たり)木部,塗装工,,人,0.073,,,
表RA-17-8【市】,【標仕仕様】合成樹脂調合ペイント塗り(ＳＯＰ)(1㎡当たり)木部,その他,,式,1,,,
表RA-17-8【市】,【標仕仕様】合成樹脂調合ペイント塗り(ＳＯＰ)(1㎡当たり)木部.1,名称,摘要,単位,Ｂ種,備考,,
表RA-17-8【市】,【標仕仕様】合成樹脂調合ペイント塗り(ＳＯＰ)(1㎡当たり)木部.1,木部下塗り用調合ペイント,JASS18M-304,kg,0.09,合成樹脂,,
表RA-17-8【市】,【標仕仕様】合成樹脂調合ペイント塗り(ＳＯＰ)(1㎡当たり)木部.1,合成樹脂調合ペイント,JISK55161種,kg,0.17,,,
表RA-17-8【市】,【標仕仕様】合成樹脂調合ペイント塗り(ＳＯＰ)(1㎡当たり)木部.1,合成樹脂エマルションパテ,JISK5669(耐水形),kg,0.03,,,
表RA-17-8【市】,【標仕仕様】合成樹脂調合ペイント塗り(ＳＯＰ)(1㎡当たり)木部.1,研磨紙,P120～220,枚,0.07,,,
表RA-17-8【市】,【標仕仕様】合成樹脂調合ペイント塗り(ＳＯＰ)(1㎡当たり)木部.1,研磨紙,P220～240,枚,―,,,
表RA-17-8【市】,【標仕仕様】合成樹脂調合ペイント塗り(ＳＯＰ)(1㎡当たり)木部.1,塗装工,,人,0.059,,,
表RA-17-8【市】,【標仕仕様】合成樹脂調合ペイント塗り(ＳＯＰ)(1㎡当たり)木部.1,その他,,式,1,,,
表RA-17-8【市】,【標仕仕様】合成樹脂調合ペイント塗り(ＳＯＰ)(1㎡当たり)鉄鋼面,名称,摘要,単位,Ａ種,備考,,
表RA-17-8【市】,【標仕仕様】合成樹脂調合ペイント塗り(ＳＯＰ)(1㎡当たり)鉄鋼面,木部下塗り用調合ペイント,JASS18M-304,kg,―,合成樹脂,,
表RA-17-8【市】,【標仕仕様】合成樹脂調合ペイント塗り(ＳＯＰ)(1㎡当たり)鉄鋼面,合成樹脂調合ペイント,JISK55161種,kg,0.26,,,
表RA-17-8【市】,【標仕仕様】合成樹脂調合ペイント塗り(ＳＯＰ)(1㎡当たり)鉄鋼面,合成樹脂エマルションパテ,JISK5669(耐水形),kg,―,,,
表RA-17-8【市】,【標仕仕様】合成樹脂調合ペイント塗り(ＳＯＰ)(1㎡当たり)鉄鋼面,研磨紙,P120～220,枚,―,,,
表RA-17-8【市】,【標仕仕様】合成樹脂調合ペイント塗り(ＳＯＰ)(1㎡当たり)鉄鋼面,研磨紙,P220～240,枚,0.07,,,
表RA-17-8【市】,【標仕仕様】合成樹脂調合ペイント塗り(ＳＯＰ)(1㎡当たり)鉄鋼面,塗装工,,人,0.056,,,
表RA-17-8【市】,【標仕仕様】合成樹脂調合ペイント塗り(ＳＯＰ)(1㎡当たり)鉄鋼面,その他,,式,1,,,
表RA-17-8【市】,【標仕仕様】合成樹脂調合ペイント塗り(ＳＯＰ)(1㎡当たり)鉄鋼面.1,名称,摘要,単位,Ｂ種,備考,,
表RA-17-8【市】,【標仕仕様】合成樹脂調合ペイント塗り(ＳＯＰ)(1㎡当たり)鉄鋼面.1,木部下塗り用調合ペイント,JASS18M-304,kg,―,合成樹脂,,
表RA-17-8【市】,【標仕仕様】合成樹脂調合ペイント塗り(ＳＯＰ)(1㎡当たり)鉄鋼面.1,合成樹脂調合ペイント,JISK55161種,kg,0.17,,,
表RA-17-8【市】,【標仕仕様】合成樹脂調合ペイント塗り(ＳＯＰ)(1㎡当たり)鉄鋼面.1,合成樹脂エマルションパテ,JISK5669(耐水形),kg,―,,,
表RA-17-8【市】,【標仕仕様】合成樹脂調合ペイント塗り(ＳＯＰ)(1㎡当たり)鉄鋼面.1,研磨紙,P120～220,枚,―,,,
表RA-17-8【市】,【標仕仕様】合成樹脂調合ペイント塗り(ＳＯＰ)(1㎡当たり)鉄鋼面.1,研磨紙,P220～240,枚,―,,,
表RA-17-8【市】,【標仕仕様】合成樹脂調合ペイント塗り(ＳＯＰ)(1㎡当たり)鉄鋼面.1,塗装工,,人,0.038,,,
表RA-17-8【市】,【標仕仕様】合成樹脂調合ペイント塗り(ＳＯＰ)(1㎡当たり)鉄鋼面.1,その他,,式,1,,,
表RA-17-9【市】【専】,【標仕仕様】合成樹脂エマルションペイント塗り(ＥＰ)(1㎡当たり)Ａ種,名称,摘要,単位,一般,備考,,
表RA-17-9【市】【専】,【標仕仕様】合成樹脂エマルションペイント塗り(ＥＰ)(1㎡当たり)Ａ種,合成樹脂エマルションペイント,JISK56631種,kg,0.3,,,
表RA-17-9【市】【専】,【標仕仕様】合成樹脂エマルションペイント塗り(ＥＰ)(1㎡当たり)Ａ種,合成樹脂エマルションシーラー,JISK5663,kg,0.07,,,
表RA-17-9【市】【専】,【標仕仕様】合成樹脂エマルションペイント塗り(ＥＰ)(1㎡当たり)Ａ種,研磨紙,P220～240,枚,0.07,,,
表RA-17-9【市】【専】,【標仕仕様】合成樹脂エマルションペイント塗り(ＥＰ)(1㎡当たり)Ａ種,塗装工,,人,0.054,,,
表RA-17-9【市】【専】,【標仕仕様】合成樹脂エマルションペイント塗り(ＥＰ)(1㎡当たり)Ａ種,その他,,式,1,,,
表RA-17-9【市】【専】,【標仕仕様】合成樹脂エマルションペイント塗り(ＥＰ)(1㎡当たり)Ａ種.1,名称,摘要,単位,見上げ面,備考,,
表RA-17-9【市】【専】,【標仕仕様】合成樹脂エマルションペイント塗り(ＥＰ)(1㎡当たり)Ａ種.1,合成樹脂エマルションペイント,JISK56631種,kg,0.3,,,
表RA-17-9【市】【専】,【標仕仕様】合成樹脂エマルションペイント塗り(ＥＰ)(1㎡当たり)Ａ種.1,合成樹脂エマルションシーラー,JISK5663,kg,0.07,,,
表RA-17-9【市】【専】,【標仕仕様】合成樹脂エマルションペイント塗り(ＥＰ)(1㎡当たり)Ａ種.1,研磨紙,P220～240,枚,―,,,
表RA-17-9【市】【専】,【標仕仕様】合成樹脂エマルションペイント塗り(ＥＰ)(1㎡当たり)Ａ種.1,塗装工,,人,0.06,,,
表RA-17-9【市】【専】,【標仕仕様】合成樹脂エマルションペイント塗り(ＥＰ)(1㎡当たり)Ａ種.1,その他,,式,1,,,
表RA-17-9【市】【専】,【標仕仕様】合成樹脂エマルションペイント塗り(ＥＰ)(1㎡当たり)Ｂ種,名称,摘要,単位,一般,備考,,
表RA-17-9【市】【専】,【標仕仕様】合成樹脂エマルションペイント塗り(ＥＰ)(1㎡当たり)Ｂ種,合成樹脂エマルションペイント,JISK56631種,kg,0.2,,,
表RA-17-9【市】【専】,【標仕仕様】合成樹脂エマルションペイント塗り(ＥＰ)(1㎡当たり)Ｂ種,合成樹脂エマルションシーラー,JISK5663,kg,0.07,,,
表RA-17-9【市】【専】,【標仕仕様】合成樹脂エマルションペイント塗り(ＥＰ)(1㎡当たり)Ｂ種,研磨紙,P220～240,枚,―,,,
表RA-17-9【市】【専】,【標仕仕様】合成樹脂エマルションペイント塗り(ＥＰ)(1㎡当たり)Ｂ種,塗装工,,人,0.04,,,
表RA-17-9【市】【専】,【標仕仕様】合成樹脂エマルションペイント塗り(ＥＰ)(1㎡当たり)Ｂ種,その他,,式,1,,,
表RA-17-9【市】【専】,【標仕仕様】合成樹脂エマルションペイント塗り(ＥＰ)(1㎡当たり)Ｂ種.1,名称,摘要,単位,見上げ面,備考,,
表RA-17-9【市】【専】,【標仕仕様】合成樹脂エマルションペイント塗り(ＥＰ)(1㎡当たり)Ｂ種.1,合成樹脂エマルションペイント,JISK56631種,kg,0.2,,,
表RA-17-9【市】【専】,【標仕仕様】合成樹脂エマルションペイント塗り(ＥＰ)(1㎡当たり)Ｂ種.1,合成樹脂エマルションシーラー,JISK5663,kg,0.07,,,
表RA-17-9【市】【専】,【標仕仕様】合成樹脂エマルションペイント塗り(ＥＰ)(1㎡当たり)Ｂ種.1,研磨紙,P220～240,枚,―,,,
表RA-17-9【市】【専】,【標仕仕様】合成樹脂エマルションペイント塗り(ＥＰ)(1㎡当たり)Ｂ種.1,塗装工,,人,0.046,,,
表RA-17-9【市】【専】,【標仕仕様】合成樹脂エマルションペイント塗り(ＥＰ)(1㎡当たり)Ｂ種.1,その他,,式,1,,,
表RA-17-10【市】【専】,【標仕仕様】つや有合成樹脂エマルションペイント塗り(ＥＰ－Ｇ)(1㎡当たり)Ａ種,名称,摘要,単位,一般,備考,,
表RA-17-10【市】【専】,【標仕仕様】つや有合成樹脂エマルションペイント塗り(ＥＰ－Ｇ)(1㎡当たり)Ａ種,つや有合成樹脂エマルションペイント,JISK5660,kg,0.3,,,
表RA-17-10【市】【専】,【標仕仕様】つや有合成樹脂エマルションペイント塗り(ＥＰ－Ｇ)(1㎡当たり)Ａ種,合成樹脂エマルションシーラー,JISK5663,kg,0.07,,,
表RA-17-10【市】【専】,【標仕仕様】つや有合成樹脂エマルションペイント塗り(ＥＰ－Ｇ)(1㎡当たり)Ａ種,研磨紙,P220～240,枚,0.25,,,
表RA-17-10【市】【専】,【標仕仕様】つや有合成樹脂エマルションペイント塗り(ＥＰ－Ｇ)(1㎡当たり)Ａ種,塗装工,,人,0.058,,,
表RA-17-10【市】【専】,【標仕仕様】つや有合成樹脂エマルションペイント塗り(ＥＰ－Ｇ)(1㎡当たり)Ａ種,その他,,式,1,,,
表RA-17-10【市】【専】,【標仕仕様】つや有合成樹脂エマルションペイント塗り(ＥＰ－Ｇ)(1㎡当たり)Ａ種.1,名称,摘要,単位,見上げ面,備考,,
表RA-17-10【市】【専】,【標仕仕様】つや有合成樹脂エマルションペイント塗り(ＥＰ－Ｇ)(1㎡当たり)Ａ種.1,つや有合成樹脂エマルションペイント,JISK5660,kg,0.3,,,
表RA-17-10【市】【専】,【標仕仕様】つや有合成樹脂エマルションペイント塗り(ＥＰ－Ｇ)(1㎡当たり)Ａ種.1,合成樹脂エマルションシーラー,JISK5663,kg,0.07,,,
表RA-17-10【市】【専】,【標仕仕様】つや有合成樹脂エマルションペイント塗り(ＥＰ－Ｇ)(1㎡当たり)Ａ種.1,研磨紙,P220～240,枚,―,,,
表RA-17-10【市】【専】,【標仕仕様】つや有合成樹脂エマルションペイント塗り(ＥＰ－Ｇ)(1㎡当たり)Ａ種.1,塗装工,,人,0.06,,,
表RA-17-10【市】【専】,【標仕仕様】つや有合成樹脂エマルションペイント塗り(ＥＰ－Ｇ)(1㎡当たり)Ａ種.1,その他,,式,1,,,
表RA-17-10【市】【専】,【標仕仕様】つや有合成樹脂エマルションペイント塗り(ＥＰ－Ｇ)(1㎡当たり)Ｂ種,名称,摘要,単位,一般,備考,,
表RA-17-10【市】【専】,【標仕仕様】つや有合成樹脂エマルションペイント塗り(ＥＰ－Ｇ)(1㎡当たり)Ｂ種,つや有合成樹脂エマルションペイント,JISK5660,kg,0.2,,,
表RA-17-10【市】【専】,【標仕仕様】つや有合成樹脂エマルションペイント塗り(ＥＰ－Ｇ)(1㎡当たり)Ｂ種,合成樹脂エマルションシーラー,JISK5663,kg,0.07,,,
表RA-17-10【市】【専】,【標仕仕様】つや有合成樹脂エマルションペイント塗り(ＥＰ－Ｇ)(1㎡当たり)Ｂ種,研磨紙,P220～240,枚,―,,,
表RA-17-10【市】【専】,【標仕仕様】つや有合成樹脂エマルションペイント塗り(ＥＰ－Ｇ)(1㎡当たり)Ｂ種,塗装工,,人,0.04,,,
表RA-17-10【市】【専】,【標仕仕様】つや有合成樹脂エマルションペイント塗り(ＥＰ－Ｇ)(1㎡当たり)Ｂ種,その他,,式,1,,,
表RA-17-10【市】【専】,【標仕仕様】つや有合成樹脂エマルションペイント塗り(ＥＰ－Ｇ)(1㎡当たり)Ｂ種.1,名称,摘要,単位,見上げ面,備考,,
表RA-17-10【市】【専】,【標仕仕様】つや有合成樹脂エマルションペイント塗り(ＥＰ－Ｇ)(1㎡当たり)Ｂ種.1,つや有合成樹脂エマルションペイント,JISK5660,kg,0.2,,,
表RA-17-10【市】【専】,【標仕仕様】つや有合成樹脂エマルションペイント塗り(ＥＰ－Ｇ)(1㎡当たり)Ｂ種.1,合成樹脂エマルションシーラー,JISK5663,kg,0.07,,,
表RA-17-10【市】【専】,【標仕仕様】つや有合成樹脂エマルションペイント塗り(ＥＰ－Ｇ)(1㎡当たり)Ｂ種.1,研磨紙,P220～240,枚,―,,,
表RA-17-10【市】【専】,【標仕仕様】つや有合成樹脂エマルションペイント塗り(ＥＰ－Ｇ)(1㎡当たり)Ｂ種.1,塗装工,,人,0.046,,,
表RA-17-10【市】【専】,【標仕仕様】つや有合成樹脂エマルションペイント塗り(ＥＰ－Ｇ)(1㎡当たり)Ｂ種.1,その他,,式,1,,,
表RA-17-12【市】,【標仕仕様】鉄鋼面つや有合成樹脂エマルションペイント塗り(ＥＰ－Ｇ)(1㎡当たり)Ａ種,つや有合成樹脂エマルションペイント,JISK5660,kg,0.3,,,
表RA-17-12【市】,【標仕仕様】鉄鋼面つや有合成樹脂エマルションペイント塗り(ＥＰ－Ｇ)(1㎡当たり)Ａ種,研磨紙,P220～240,枚,0.25,,,
表RA-17-12【市】,【標仕仕様】鉄鋼面つや有合成樹脂エマルションペイント塗り(ＥＰ－Ｇ)(1㎡当たり)Ａ種,塗装工,,人,0.048,,,
表RA-17-12【市】,【標仕仕様】鉄鋼面つや有合成樹脂エマルションペイント塗り(ＥＰ－Ｇ)(1㎡当たり)Ａ種,その他,,式,1,,,
表RA-17-12【市】,【標仕仕様】鉄鋼面つや有合成樹脂エマルションペイント塗り(ＥＰ－Ｇ)(1㎡当たり)Ｂ種,つや有合成樹脂エマルションペイント,JISK5660,kg,0.2,,,
表RA-17-12【市】,【標仕仕様】鉄鋼面つや有合成樹脂エマルションペイント塗り(ＥＰ－Ｇ)(1㎡当たり)Ｂ種,研磨紙,P220～240,枚,―,,,
表RA-17-12【市】,【標仕仕様】鉄鋼面つや有合成樹脂エマルションペイント塗り(ＥＰ－Ｇ)(1㎡当たり)Ｂ種,塗装工,,人,0.029,,,
表RA-17-12【市】,【標仕仕様】鉄鋼面つや有合成樹脂エマルションペイント塗り(ＥＰ－Ｇ)(1㎡当たり)Ｂ種,その他,,式,1,,,
表RA-17-13【市】,【標仕仕様】亜鉛めっき鋼面つや有合成樹脂ｴﾏﾙｼｮﾝﾍﾟｲﾝﾄ塗り(ＥＰ－Ｇ)(1㎡当たり),つや有合成樹脂エマルションペイント,JISK5660,kg,0.2,,,
表RA-17-13【市】,【標仕仕様】亜鉛めっき鋼面つや有合成樹脂ｴﾏﾙｼｮﾝﾍﾟｲﾝﾄ塗り(ＥＰ－Ｇ)(1㎡当たり),塗装工,,人,0.029,,,
表RA-17-13【市】,【標仕仕様】亜鉛めっき鋼面つや有合成樹脂ｴﾏﾙｼｮﾝﾍﾟｲﾝﾄ塗り(ＥＰ－Ｇ)(1㎡当たり),その他,,式,1,,,
表RA-17-15【市】,【標仕仕様】クリヤラッカー塗り(ＣＬ)(1㎡当たり)Ａ種,ラッカー系シーラー,JISK5533,kg,0.1,ウッドシーラー,,
表RA-17-15【市】,【標仕仕様】クリヤラッカー塗り(ＣＬ)(1㎡当たり)Ａ種,ラッカー系シーラー,JISK5533,kg,0.1,サンジングシーラー,,
表RA-17-15【市】,【標仕仕様】クリヤラッカー塗り(ＣＬ)(1㎡当たり)Ａ種,,JISK5531,,,,,
表RA-17-15【市】,【標仕仕様】クリヤラッカー塗り(ＣＬ)(1㎡当たり)Ａ種,ニトロセルロースラッカー,,kg,0.20,,,
表RA-17-15【市】,【標仕仕様】クリヤラッカー塗り(ＣＬ)(1㎡当たり)Ａ種,,(木材用ｸﾘﾔﾗｯｶｰ),,,,,
表RA-17-15【市】,【標仕仕様】クリヤラッカー塗り(ＣＬ)(1㎡当たり)Ａ種,目止め剤,ｸﾘﾔﾗｯｶｰ塗り用,kg,0.2,,,
表RA-17-15【市】,【標仕仕様】クリヤラッカー塗り(ＣＬ)(1㎡当たり)Ａ種,研磨紙,P220～240,枚,0.13,,,
表RA-17-15【市】,【標仕仕様】クリヤラッカー塗り(ＣＬ)(1㎡当たり)Ａ種,研磨紙,P240～320,枚,0.25,,,
表RA-17-15【市】,【標仕仕様】クリヤラッカー塗り(ＣＬ)(1㎡当たり)Ａ種,塗装工,,人,0.12,,,
表RA-17-15【市】,【標仕仕様】クリヤラッカー塗り(ＣＬ)(1㎡当たり)Ａ種,その他,,式,1,,,
表RA-17-15【市】,【標仕仕様】クリヤラッカー塗り(ＣＬ)(1㎡当たり)Ｂ種,ラッカー系シーラー,JISK5533,kg,0.1,ウッドシーラー,,
表RA-17-15【市】,【標仕仕様】クリヤラッカー塗り(ＣＬ)(1㎡当たり)Ｂ種,ラッカー系シーラー,JISK5533,kg,0.1,サンジングシーラー,,
表RA-17-15【市】,【標仕仕様】クリヤラッカー塗り(ＣＬ)(1㎡当たり)Ｂ種,,JISK5531,,,,,
表RA-17-15【市】,【標仕仕様】クリヤラッカー塗り(ＣＬ)(1㎡当たり)Ｂ種,ニトロセルロースラッカー,,kg,0.1,,,
表RA-17-15【市】,【標仕仕様】クリヤラッカー塗り(ＣＬ)(1㎡当たり)Ｂ種,,(木材用ｸﾘﾔﾗｯｶｰ),,,,,
表RA-17-15【市】,【標仕仕様】クリヤラッカー塗り(ＣＬ)(1㎡当たり)Ｂ種,目止め剤,ｸﾘﾔﾗｯｶｰ塗り用,kg,―,,,
表RA-17-15【市】,【標仕仕様】クリヤラッカー塗り(ＣＬ)(1㎡当たり)Ｂ種,研磨紙,P220～240,枚,0.13,,,
表RA-17-15【市】,【標仕仕様】クリヤラッカー塗り(ＣＬ)(1㎡当たり)Ｂ種,研磨紙,P240～320,枚,―,,,
表RA-17-15【市】,【標仕仕様】クリヤラッカー塗り(ＣＬ)(1㎡当たり)Ｂ種,塗装工,,人,0.067,,,
表RA-17-15【市】,【標仕仕様】クリヤラッカー塗り(ＣＬ)(1㎡当たり)Ｂ種,その他,,式,1,,,
表RA-17-16【市】,【標仕仕様】ラッカーエナメル塗り(ＬＥ)(1㎡当たり)Ａ種,ラッカー系シーラー,JISK5533,kg,0.1,ウッドシーラー,,
表RA-17-16【市】,【標仕仕様】ラッカーエナメル塗り(ＬＥ)(1㎡当たり)Ａ種,ラッカー系下地塗料,JISK5535,kg,0.28,ラッカーサーフェーサー,,
表RA-17-16【市】,【標仕仕様】ラッカーエナメル塗り(ＬＥ)(1㎡当たり)Ａ種,ニトロセルロースラッカー,JISK5531,kg,0.24,ラッカーエナメル,,
表RA-17-16【市】,【標仕仕様】ラッカーエナメル塗り(ＬＥ)(1㎡当たり)Ａ種,研磨紙,P220～240,枚,0.13,,,
表RA-17-16【市】,【標仕仕様】ラッカーエナメル塗り(ＬＥ)(1㎡当たり)Ａ種,研磨紙,P320～400,枚,0.5,,,
表RA-17-16【市】,【標仕仕様】ラッカーエナメル塗り(ＬＥ)(1㎡当たり)Ａ種,塗装工,,人,0.138,,,
表RA-17-16【市】,【標仕仕様】ラッカーエナメル塗り(ＬＥ)(1㎡当たり)Ａ種,その他,,式,1,,,
表RA-17-16【市】,【標仕仕様】ラッカーエナメル塗り(ＬＥ)(1㎡当たり)Ｂ種,ラッカー系シーラー,JISK5533,kg,0.1,ウッドシーラー,,
表RA-17-16【市】,【標仕仕様】ラッカーエナメル塗り(ＬＥ)(1㎡当たり)Ｂ種,ラッカー系下地塗料,JISK5535,kg,0.28,ラッカーサーフェーサー,,
表RA-17-16【市】,【標仕仕様】ラッカーエナメル塗り(ＬＥ)(1㎡当たり)Ｂ種,ニトロセルロースラッカー,JISK5531,kg,0.16,ラッカーエナメル,,
表RA-17-16【市】,【標仕仕様】ラッカーエナメル塗り(ＬＥ)(1㎡当たり)Ｂ種,研磨紙,P220～240,枚,0.13,,,
表RA-17-16【市】,【標仕仕様】ラッカーエナメル塗り(ＬＥ)(1㎡当たり)Ｂ種,研磨紙,P320～400,枚,0.5,,,
表RA-17-16【市】,【標仕仕様】ラッカーエナメル塗り(ＬＥ)(1㎡当たり)Ｂ種,塗装工,,人,0.117,,,
表RA-17-16【市】,【標仕仕様】ラッカーエナメル塗り(ＬＥ)(1㎡当たり)Ｂ種,その他,,式,1,,,
表RA-17-17【専】,【標仕仕様】オイルステイン塗り(ＯＳ)(1㎡当たり),オイルステイン,,kg,0.06,,,
表RA-17-17【専】,【標仕仕様】オイルステイン塗り(ＯＳ)(1㎡当たり),塗装工,,人,0.052,,,
表RA-17-17【専】,【標仕仕様】オイルステイン塗り(ＯＳ)(1㎡当たり),その他,,式,1,,,
表RA-17-18【市】,【標仕仕様】合成樹脂調合ﾍﾟｲﾝﾄ塗り(ＳＯＰ)(糸幅:300mm以下)(1ｍ当たり)Ａ種(屋外),木部下塗り用調合ペイント,JASS18M-304,kg,0.019,合成樹脂,,
表RA-17-18【市】,【標仕仕様】合成樹脂調合ﾍﾟｲﾝﾄ塗り(ＳＯＰ)(糸幅:300mm以下)(1ｍ当たり)Ａ種(屋外),合成樹脂調合ペイント,JISK5516,kg,0.017,1種淡彩,,
表RA-17-18【市】,【標仕仕様】合成樹脂調合ﾍﾟｲﾝﾄ塗り(ＳＯＰ)(糸幅:300mm以下)(1ｍ当たり)Ａ種(屋外),合成樹脂エマルションパテ,JISK5669(耐水形),kg,―,,,
表RA-17-18【市】,【標仕仕様】合成樹脂調合ﾍﾟｲﾝﾄ塗り(ＳＯＰ)(糸幅:300mm以下)(1ｍ当たり)Ａ種(屋外),研磨紙,P120～220,枚,0.013,,,
表RA-17-18【市】,【標仕仕様】合成樹脂調合ﾍﾟｲﾝﾄ塗り(ＳＯＰ)(糸幅:300mm以下)(1ｍ当たり)Ａ種(屋外),塗装工,,人,0.027,,,
表RA-17-18【市】,【標仕仕様】合成樹脂調合ﾍﾟｲﾝﾄ塗り(ＳＯＰ)(糸幅:300mm以下)(1ｍ当たり)Ａ種(屋外),その他,,式,1,,,
表RA-17-18【市】,【標仕仕様】合成樹脂調合ﾍﾟｲﾝﾄ塗り(ＳＯＰ)(糸幅:300mm以下)(1ｍ当たり)Ｂ種(屋内),木部下塗り用調合ペイント,JASS18M-304,kg,0.01,合成樹脂,,
表RA-17-18【市】,【標仕仕様】合成樹脂調合ﾍﾟｲﾝﾄ塗り(ＳＯＰ)(糸幅:300mm以下)(1ｍ当たり)Ｂ種(屋内),合成樹脂調合ペイント,JISK5516,kg,0.017,1種淡彩,,
表RA-17-18【市】,【標仕仕様】合成樹脂調合ﾍﾟｲﾝﾄ塗り(ＳＯＰ)(糸幅:300mm以下)(1ｍ当たり)Ｂ種(屋内),合成樹脂エマルションパテ,JISK5669(耐水形),kg,0.008,,,
表RA-17-18【市】,【標仕仕様】合成樹脂調合ﾍﾟｲﾝﾄ塗り(ＳＯＰ)(糸幅:300mm以下)(1ｍ当たり)Ｂ種(屋内),研磨紙,P120～220,枚,0.02,,,
表RA-17-18【市】,【標仕仕様】合成樹脂調合ﾍﾟｲﾝﾄ塗り(ＳＯＰ)(糸幅:300mm以下)(1ｍ当たり)Ｂ種(屋内),塗装工,,人,0.023,,,
表RA-17-18【市】,【標仕仕様】合成樹脂調合ﾍﾟｲﾝﾄ塗り(ＳＯＰ)(糸幅:300mm以下)(1ｍ当たり)Ｂ種(屋内),その他,,式,1,,,
表RA-17-23【市】,【改修標仕仕様】木部の下地調整(1㎡当たり)ＲＡ種(塗替え面),木部下塗り用調合ペイント,JASS18M-304,kg,0.01,合成樹脂,,
表RA-17-23【市】,【改修標仕仕様】木部の下地調整(1㎡当たり)ＲＡ種(塗替え面),合成樹脂エマルションパテ,JISK5669(耐水形),kg,0.06,,,
表RA-17-23【市】,【改修標仕仕様】木部の下地調整(1㎡当たり)ＲＡ種(塗替え面),研磨紙,P120～220,枚,0.13,,,
表RA-17-23【市】,【改修標仕仕様】木部の下地調整(1㎡当たり)ＲＡ種(塗替え面),研磨紙,P240～320,枚,―,,,
表RA-17-23【市】,【改修標仕仕様】木部の下地調整(1㎡当たり)ＲＡ種(塗替え面),塗装工,,人,0.01,,,
表RA-17-23【市】,【改修標仕仕様】木部の下地調整(1㎡当たり)ＲＡ種(塗替え面),その他,,式,1,,,
表RA-17-23【市】,【改修標仕仕様】木部の下地調整(1㎡当たり)ＲＢ種(塗替え面),木部下塗り用調合ペイント,JASS18M-304,kg,―,合成樹脂,,
表RA-17-23【市】,【改修標仕仕様】木部の下地調整(1㎡当たり)ＲＢ種(塗替え面),合成樹脂エマルションパテ,JISK5669(耐水形),kg,―,,,
表RA-17-23【市】,【改修標仕仕様】木部の下地調整(1㎡当たり)ＲＢ種(塗替え面),研磨紙,P120～220,枚,0.07,,,
表RA-17-23【市】,【改修標仕仕様】木部の下地調整(1㎡当たり)ＲＢ種(塗替え面),研磨紙,P240～320,枚,―,,,
表RA-17-23【市】,【改修標仕仕様】木部の下地調整(1㎡当たり)ＲＢ種(塗替え面),塗装工,,人,0.004,,,
表RA-17-23【市】,【改修標仕仕様】木部の下地調整(1㎡当たり)ＲＢ種(塗替え面),その他,,式,1,,,
表RA-17-23【市】,【改修標仕仕様】木部の下地調整(1㎡当たり)ＲＣ種(塗替え面),木部下塗り用調合ペイント,JASS18M-304,kg,―,合成樹脂,,
表RA-17-23【市】,【改修標仕仕様】木部の下地調整(1㎡当たり)ＲＣ種(塗替え面),合成樹脂エマルションパテ,JISK5669(耐水形),kg,―,,,
表RA-17-23【市】,【改修標仕仕様】木部の下地調整(1㎡当たり)ＲＣ種(塗替え面),研磨紙,P120～220,枚,―,,,
表RA-17-23【市】,【改修標仕仕様】木部の下地調整(1㎡当たり)ＲＣ種(塗替え面),研磨紙,P240～320,枚,0.07,,,
表RA-17-23【市】,【改修標仕仕様】木部の下地調整(1㎡当たり)ＲＣ種(塗替え面),塗装工,,人,0.004,,,
表RA-17-23【市】,【改修標仕仕様】木部の下地調整(1㎡当たり)ＲＣ種(塗替え面),その他,,式,1,,,
表RA-17-26【市】,【改修標仕仕様】コンクリート面の下地調整(1㎡当たり)ＲＡ種(塗替え面),建築用下地調整塗材,JISA6916,kg,1.5,,,
表RA-17-26【市】,【改修標仕仕様】コンクリート面の下地調整(1㎡当たり)ＲＡ種(塗替え面),合成樹脂エマルションパテ,JISK5669(耐水形),kg,0.15,,,
表RA-17-26【市】,【改修標仕仕様】コンクリート面の下地調整(1㎡当たり)ＲＡ種(塗替え面),研磨紙,P120～220,枚,0.13,,,
表RA-17-26【市】,【改修標仕仕様】コンクリート面の下地調整(1㎡当たり)ＲＡ種(塗替え面),研磨紙,P240～320,枚,―,,,
表RA-17-26【市】,【改修標仕仕様】コンクリート面の下地調整(1㎡当たり)ＲＡ種(塗替え面),左官,,人,0.02,,,
表RA-17-26【市】,【改修標仕仕様】コンクリート面の下地調整(1㎡当たり)ＲＡ種(塗替え面),塗装工,,人,0.023,,,
表RA-17-26【市】,【改修標仕仕様】コンクリート面の下地調整(1㎡当たり)ＲＡ種(塗替え面),その他,,式,1,,,
表RA-17-26【市】,【改修標仕仕様】コンクリート面の下地調整(1㎡当たり)ＲＢ種(塗替え面),建築用下地調整塗材,JISA6916,kg,0.75,,,
表RA-17-26【市】,【改修標仕仕様】コンクリート面の下地調整(1㎡当たり)ＲＢ種(塗替え面),合成樹脂エマルションパテ,JISK5669(耐水形),kg,―,,,
表RA-17-26【市】,【改修標仕仕様】コンクリート面の下地調整(1㎡当たり)ＲＢ種(塗替え面),研磨紙,P120～220,枚,0.07,,,
表RA-17-26【市】,【改修標仕仕様】コンクリート面の下地調整(1㎡当たり)ＲＢ種(塗替え面),研磨紙,P240～320,枚,―,,,
表RA-17-26【市】,【改修標仕仕様】コンクリート面の下地調整(1㎡当たり)ＲＢ種(塗替え面),左官,,人,0.01,,,
表RA-17-26【市】,【改修標仕仕様】コンクリート面の下地調整(1㎡当たり)ＲＢ種(塗替え面),塗装工,,人,0.004,,,
表RA-17-26【市】,【改修標仕仕様】コンクリート面の下地調整(1㎡当たり)ＲＢ種(塗替え面),その他,,式,1,,,
表RA-17-26【市】,【改修標仕仕様】コンクリート面の下地調整(1㎡当たり)ＲＣ種(塗替え面),建築用下地調整塗材,JISA6916,kg,―,,,
表RA-17-26【市】,【改修標仕仕様】コンクリート面の下地調整(1㎡当たり)ＲＣ種(塗替え面),合成樹脂エマルションパテ,JISK5669(耐水形),kg,―,,,
表RA-17-26【市】,【改修標仕仕様】コンクリート面の下地調整(1㎡当たり)ＲＣ種(塗替え面),研磨紙,P120～220,枚,―,,,
表RA-17-26【市】,【改修標仕仕様】コンクリート面の下地調整(1㎡当たり)ＲＣ種(塗替え面),研磨紙,P240～320,枚,0.07,,,
表RA-17-26【市】,【改修標仕仕様】コンクリート面の下地調整(1㎡当たり)ＲＣ種(塗替え面),左官,,人,―,,,
表RA-17-26【市】,【改修標仕仕様】コンクリート面の下地調整(1㎡当たり)ＲＣ種(塗替え面),塗装工,,人,0.004,,,
表RA-17-26【市】,【改修標仕仕様】コンクリート面の下地調整(1㎡当たり)ＲＣ種(塗替え面),その他,,式,1,,,
表RA-17-27【市】【専】,【改修標仕仕様】押出成形セメント板面の下地調整(1㎡当たり)ＲＡ種(塗替え面),反応形合成樹脂シーラー,,,,,,
表RA-17-27【市】【専】,【改修標仕仕様】押出成形セメント板面の下地調整(1㎡当たり)ＲＡ種(塗替え面),および弱溶剤系反応形合,JASS18M-201,kg,0.08,,,
表RA-17-27【市】【専】,【改修標仕仕様】押出成形セメント板面の下地調整(1㎡当たり)ＲＡ種(塗替え面),成樹脂シーラー,,,,,,
表RA-17-27【市】【専】,【改修標仕仕様】押出成形セメント板面の下地調整(1㎡当たり)ＲＡ種(塗替え面),"反応形合成樹脂パテ
(2液形ｴﾎﾟｷｼ樹脂ﾊﾟﾃ)",JASS18M-202,kg,0.3,,,
表RA-17-27【市】【専】,【改修標仕仕様】押出成形セメント板面の下地調整(1㎡当たり)ＲＡ種(塗替え面),研磨紙,P120～220,枚,0.07,,,
表RA-17-27【市】【専】,【改修標仕仕様】押出成形セメント板面の下地調整(1㎡当たり)ＲＡ種(塗替え面),研磨紙,P240～320,枚,―,,,
表RA-17-27【市】【専】,【改修標仕仕様】押出成形セメント板面の下地調整(1㎡当たり)ＲＡ種(塗替え面),塗装工,,人,0.033,,,
表RA-17-27【市】【専】,【改修標仕仕様】押出成形セメント板面の下地調整(1㎡当たり)ＲＡ種(塗替え面),その他,,式,1,,,
表RA-17-27【市】【専】,【改修標仕仕様】押出成形セメント板面の下地調整(1㎡当たり)ＲＢ種(塗替え面),反応形合成樹脂シーラー,,,,,,
表RA-17-27【市】【専】,【改修標仕仕様】押出成形セメント板面の下地調整(1㎡当たり)ＲＢ種(塗替え面),および弱溶剤系反応形合,JASS18M-201,kg,0.08,,,
表RA-17-27【市】【専】,【改修標仕仕様】押出成形セメント板面の下地調整(1㎡当たり)ＲＢ種(塗替え面),成樹脂シーラー,,,,,,
表RA-17-27【市】【専】,【改修標仕仕様】押出成形セメント板面の下地調整(1㎡当たり)ＲＢ種(塗替え面),"反応形合成樹脂パテ
(2液形ｴﾎﾟｷｼ樹脂ﾊﾟﾃ)",JASS18M-202,kg,―,,,
表RA-17-27【市】【専】,【改修標仕仕様】押出成形セメント板面の下地調整(1㎡当たり)ＲＢ種(塗替え面),研磨紙,P120～220,枚,―,,,
表RA-17-27【市】【専】,【改修標仕仕様】押出成形セメント板面の下地調整(1㎡当たり)ＲＢ種(塗替え面),研磨紙,P240～320,枚,―,,,
表RA-17-27【市】【専】,【改修標仕仕様】押出成形セメント板面の下地調整(1㎡当たり)ＲＢ種(塗替え面),塗装工,,人,0.013,,,
表RA-17-27【市】【専】,【改修標仕仕様】押出成形セメント板面の下地調整(1㎡当たり)ＲＢ種(塗替え面),その他,,式,1,,,
表RA-17-27【市】【専】,【改修標仕仕様】押出成形セメント板面の下地調整(1㎡当たり)ＲＣ種(塗替え面),反応形合成樹脂シーラー,,,,,,
表RA-17-27【市】【専】,【改修標仕仕様】押出成形セメント板面の下地調整(1㎡当たり)ＲＣ種(塗替え面),および弱溶剤系反応形合,JASS18M-201,kg,―,,,
表RA-17-27【市】【専】,【改修標仕仕様】押出成形セメント板面の下地調整(1㎡当たり)ＲＣ種(塗替え面),成樹脂シーラー,,,,,,
表RA-17-27【市】【専】,【改修標仕仕様】押出成形セメント板面の下地調整(1㎡当たり)ＲＣ種(塗替え面),"反応形合成樹脂パテ
(2液形ｴﾎﾟｷｼ樹脂ﾊﾟﾃ)",JASS18M-202,kg,―,,,
表RA-17-27【市】【専】,【改修標仕仕様】押出成形セメント板面の下地調整(1㎡当たり)ＲＣ種(塗替え面),研磨紙,P120～220,枚,―,,,
表RA-17-27【市】【専】,【改修標仕仕様】押出成形セメント板面の下地調整(1㎡当たり)ＲＣ種(塗替え面),研磨紙,P240～320,枚,0.07,,,
表RA-17-27【市】【専】,【改修標仕仕様】押出成形セメント板面の下地調整(1㎡当たり)ＲＣ種(塗替え面),塗装工,,人,0.004,,,
表RA-17-27【市】【専】,【改修標仕仕様】押出成形セメント板面の下地調整(1㎡当たり)ＲＣ種(塗替え面),その他,,式,1,,,
表RA-17-29【市】,【改修標仕仕様】けい酸カルシウム板面の下地調整(1㎡当たり)ＲＡ種(塗替え面),反応形合成樹脂シーラーおよび弱溶剤系反応形,JASS18M-201,kg,0.1,,,
表RA-17-29【市】,【改修標仕仕様】けい酸カルシウム板面の下地調整(1㎡当たり)ＲＡ種(塗替え面),合成樹脂シーラー合成樹脂エマルションパテ,JISK5669(一般形),kg,0.21,,,
表RA-17-29【市】,【改修標仕仕様】けい酸カルシウム板面の下地調整(1㎡当たり)ＲＡ種(塗替え面),研磨紙,P120～220,枚,0.13,,,
表RA-17-29【市】,【改修標仕仕様】けい酸カルシウム板面の下地調整(1㎡当たり)ＲＡ種(塗替え面),研磨紙,P240～320,枚,―,,,
表RA-17-29【市】,【改修標仕仕様】けい酸カルシウム板面の下地調整(1㎡当たり)ＲＡ種(塗替え面),塗	装	工,,人,0.039,,,
表RA-17-29【市】,【改修標仕仕様】けい酸カルシウム板面の下地調整(1㎡当たり)ＲＡ種(塗替え面),そ	の	他,,式,1,,,
表RA-17-29【市】,【改修標仕仕様】けい酸カルシウム板面の下地調整(1㎡当たり)ＲＢ種(塗替え面),反応形合成樹脂シーラーおよび弱溶剤系反応形,JASS18M-201,kg,0.1,,,
表RA-17-29【市】,【改修標仕仕様】けい酸カルシウム板面の下地調整(1㎡当たり)ＲＢ種(塗替え面),合成樹脂シーラー合成樹脂エマルションパテ,JISK5669(一般形),kg,0.06,,,
表RA-17-29【市】,【改修標仕仕様】けい酸カルシウム板面の下地調整(1㎡当たり)ＲＢ種(塗替え面),研磨紙,P120～220,枚,0.07,,,
表RA-17-29【市】,【改修標仕仕様】けい酸カルシウム板面の下地調整(1㎡当たり)ＲＢ種(塗替え面),研磨紙,P240～320,枚,―,,,
表RA-17-29【市】,【改修標仕仕様】けい酸カルシウム板面の下地調整(1㎡当たり)ＲＢ種(塗替え面),塗	装	工,,人,0.018,,,
表RA-17-29【市】,【改修標仕仕様】けい酸カルシウム板面の下地調整(1㎡当たり)ＲＢ種(塗替え面),そ	の	他,,式,1,,,
表RA-17-29【市】,【改修標仕仕様】けい酸カルシウム板面の下地調整(1㎡当たり)ＲＣ種(塗替え面),反応形合成樹脂シーラーおよび弱溶剤系反応形,JASS18M-201,kg,―,,,
表RA-17-29【市】,【改修標仕仕様】けい酸カルシウム板面の下地調整(1㎡当たり)ＲＣ種(塗替え面),合成樹脂シーラー合成樹脂エマルションパテ,JISK5669(一般形),kg,―,,,
表RA-17-29【市】,【改修標仕仕様】けい酸カルシウム板面の下地調整(1㎡当たり)ＲＣ種(塗替え面),研磨紙,P120～220,枚,―,,,
表RA-17-29【市】,【改修標仕仕様】けい酸カルシウム板面の下地調整(1㎡当たり)ＲＣ種(塗替え面),研磨紙,P240～320,枚,0.07,,,
表RA-17-29【市】,【改修標仕仕様】けい酸カルシウム板面の下地調整(1㎡当たり)ＲＣ種(塗替え面),塗	装	工,,人,0.004,,,
表RA-17-29【市】,【改修標仕仕様】けい酸カルシウム板面の下地調整(1㎡当たり)ＲＣ種(塗替え面),そ	の	他,,式,1,,,
表RA-17-35【市】【専】,【改修標仕仕様】つや有合成樹脂ｴﾏﾙｼｮﾝﾍﾟｲﾝﾄ塗り(ＥＰ－Ｇ)(1㎡当たり)Ａ種一般,合成樹脂エマルションシーラー,JISK5663,kg,0.07,,,
表RA-17-35【市】【専】,【改修標仕仕様】つや有合成樹脂ｴﾏﾙｼｮﾝﾍﾟｲﾝﾄ塗り(ＥＰ－Ｇ)(1㎡当たり)Ａ種一般,つや有合成樹脂エマルションペイント,JISK5660,kg,0.3,,,
表RA-17-35【市】【専】,【改修標仕仕様】つや有合成樹脂ｴﾏﾙｼｮﾝﾍﾟｲﾝﾄ塗り(ＥＰ－Ｇ)(1㎡当たり)Ａ種一般,研磨紙,P220～240,枚,0.25,,,
表RA-17-35【市】【専】,【改修標仕仕様】つや有合成樹脂ｴﾏﾙｼｮﾝﾍﾟｲﾝﾄ塗り(ＥＰ－Ｇ)(1㎡当たり)Ａ種一般,塗装工,,人,0.058,,,
表RA-17-35【市】【専】,【改修標仕仕様】つや有合成樹脂ｴﾏﾙｼｮﾝﾍﾟｲﾝﾄ塗り(ＥＰ－Ｇ)(1㎡当たり)Ａ種一般,その他,,式,1,,,
表RA-17-35【市】【専】,【改修標仕仕様】つや有合成樹脂ｴﾏﾙｼｮﾝﾍﾟｲﾝﾄ塗り(ＥＰ－Ｇ)(1㎡当たり)Ａ種見上げ,合成樹脂エマルションシーラー,JISK5663,kg,0.07,,,
表RA-17-35【市】【専】,【改修標仕仕様】つや有合成樹脂ｴﾏﾙｼｮﾝﾍﾟｲﾝﾄ塗り(ＥＰ－Ｇ)(1㎡当たり)Ａ種見上げ,つや有合成樹脂エマルションペイント,JISK5660,kg,0.3,,,
表RA-17-35【市】【専】,【改修標仕仕様】つや有合成樹脂ｴﾏﾙｼｮﾝﾍﾟｲﾝﾄ塗り(ＥＰ－Ｇ)(1㎡当たり)Ａ種見上げ,研磨紙,P220～240,枚,―,,,
表RA-17-35【市】【専】,【改修標仕仕様】つや有合成樹脂ｴﾏﾙｼｮﾝﾍﾟｲﾝﾄ塗り(ＥＰ－Ｇ)(1㎡当たり)Ａ種見上げ,塗装工,,人,0.06,,,
表RA-17-35【市】【専】,【改修標仕仕様】つや有合成樹脂ｴﾏﾙｼｮﾝﾍﾟｲﾝﾄ塗り(ＥＰ－Ｇ)(1㎡当たり)Ａ種見上げ,その他,,式,1,,,
表RA-17-35【市】【専】,【改修標仕仕様】つや有合成樹脂ｴﾏﾙｼｮﾝﾍﾟｲﾝﾄ塗り(ＥＰ－Ｇ)(1㎡当たり)Ｂ種一般,合成樹脂エマルションシーラー,JISK5663,kg,0.07,,,
表RA-17-35【市】【専】,【改修標仕仕様】つや有合成樹脂ｴﾏﾙｼｮﾝﾍﾟｲﾝﾄ塗り(ＥＰ－Ｇ)(1㎡当たり)Ｂ種一般,つや有合成樹脂エマルションペイント,JISK5660,kg,0.2,,,
表RA-17-35【市】【専】,【改修標仕仕様】つや有合成樹脂ｴﾏﾙｼｮﾝﾍﾟｲﾝﾄ塗り(ＥＰ－Ｇ)(1㎡当たり)Ｂ種一般,研磨紙,P220～240,枚,―,,,
表RA-17-35【市】【専】,【改修標仕仕様】つや有合成樹脂ｴﾏﾙｼｮﾝﾍﾟｲﾝﾄ塗り(ＥＰ－Ｇ)(1㎡当たり)Ｂ種一般,塗装工,,人,0.04,,,
表RA-17-35【市】【専】,【改修標仕仕様】つや有合成樹脂ｴﾏﾙｼｮﾝﾍﾟｲﾝﾄ塗り(ＥＰ－Ｇ)(1㎡当たり)Ｂ種一般,その他,,式,1,,,
表RA-17-35【市】【専】,【改修標仕仕様】つや有合成樹脂ｴﾏﾙｼｮﾝﾍﾟｲﾝﾄ塗り(ＥＰ－Ｇ)(1㎡当たり)Ｂ種見上げ,合成樹脂エマルションシーラー,JISK5663,kg,0.07,,,
表RA-17-35【市】【専】,【改修標仕仕様】つや有合成樹脂ｴﾏﾙｼｮﾝﾍﾟｲﾝﾄ塗り(ＥＰ－Ｇ)(1㎡当たり)Ｂ種見上げ,つや有合成樹脂エマルションペイント,JISK5660,kg,0.2,,,
表RA-17-35【市】【専】,【改修標仕仕様】つや有合成樹脂ｴﾏﾙｼｮﾝﾍﾟｲﾝﾄ塗り(ＥＰ－Ｇ)(1㎡当たり)Ｂ種見上げ,研磨紙,P220～240,枚,―,,,
表RA-17-35【市】【専】,【改修標仕仕様】つや有合成樹脂ｴﾏﾙｼｮﾝﾍﾟｲﾝﾄ塗り(ＥＰ－Ｇ)(1㎡当たり)Ｂ種見上げ,塗装工,,人,0.046,,,
表RA-17-35【市】【専】,【改修標仕仕様】つや有合成樹脂ｴﾏﾙｼｮﾝﾍﾟｲﾝﾄ塗り(ＥＰ－Ｇ)(1㎡当たり)Ｂ種見上げ,その他,,式,1,,,
表RA-17-35【市】【専】,【改修標仕仕様】つや有合成樹脂ｴﾏﾙｼｮﾝﾍﾟｲﾝﾄ塗り(ＥＰ－Ｇ)(1㎡当たり)Ｃ種一般,合成樹脂エマルションシーラー,JISK5663,kg,0.07,,,
表RA-17-35【市】【専】,【改修標仕仕様】つや有合成樹脂ｴﾏﾙｼｮﾝﾍﾟｲﾝﾄ塗り(ＥＰ－Ｇ)(1㎡当たり)Ｃ種一般,つや有合成樹脂エマルションペイント,JISK5660,kg,0.2,,,
表RA-17-35【市】【専】,【改修標仕仕様】つや有合成樹脂ｴﾏﾙｼｮﾝﾍﾟｲﾝﾄ塗り(ＥＰ－Ｇ)(1㎡当たり)Ｃ種一般,研磨紙,P220～240,枚,―,,,
表RA-17-35【市】【専】,【改修標仕仕様】つや有合成樹脂ｴﾏﾙｼｮﾝﾍﾟｲﾝﾄ塗り(ＥＰ－Ｇ)(1㎡当たり)Ｃ種一般,塗装工,,人,0.04,,,
表RA-17-35【市】【専】,【改修標仕仕様】つや有合成樹脂ｴﾏﾙｼｮﾝﾍﾟｲﾝﾄ塗り(ＥＰ－Ｇ)(1㎡当たり)Ｃ種一般,その他,,式,1,,,
表RA-17-35【市】【専】,【改修標仕仕様】つや有合成樹脂ｴﾏﾙｼｮﾝﾍﾟｲﾝﾄ塗り(ＥＰ－Ｇ)(1㎡当たり)Ｃ種見上げ,合成樹脂エマルションシーラー,JISK5663,kg,0.07,,,
表RA-17-35【市】【専】,【改修標仕仕様】つや有合成樹脂ｴﾏﾙｼｮﾝﾍﾟｲﾝﾄ塗り(ＥＰ－Ｇ)(1㎡当たり)Ｃ種見上げ,つや有合成樹脂エマルションペイント,JISK5660,kg,0.2,,,
表RA-17-35【市】【専】,【改修標仕仕様】つや有合成樹脂ｴﾏﾙｼｮﾝﾍﾟｲﾝﾄ塗り(ＥＰ－Ｇ)(1㎡当たり)Ｃ種見上げ,研磨紙,P220～240,枚,―,,,
表RA-17-35【市】【専】,【改修標仕仕様】つや有合成樹脂ｴﾏﾙｼｮﾝﾍﾟｲﾝﾄ塗り(ＥＰ－Ｇ)(1㎡当たり)Ｃ種見上げ,塗装工,,人,0.046,,,
表RA-17-35【市】【専】,【改修標仕仕様】つや有合成樹脂ｴﾏﾙｼｮﾝﾍﾟｲﾝﾄ塗り(ＥＰ－Ｇ)(1㎡当たり)Ｃ種見上げ,その他,,式,1,,,
表RA-17-38【市】,【改修標仕仕様】亜鉛めっき鋼面つや有合成樹脂ｴﾏﾙｼｮﾝﾍﾟｲﾝﾄ塗り(ＥＰ－Ｇ)(1㎡当たり)Ａ種,つや有合成樹脂エマルションペイント,JISK5660,kg,0.2,,,
表RA-17-38【市】,【改修標仕仕様】亜鉛めっき鋼面つや有合成樹脂ｴﾏﾙｼｮﾝﾍﾟｲﾝﾄ塗り(ＥＰ－Ｇ)(1㎡当たり)Ａ種,塗装工,,人,0.029,,,
表RA-17-38【市】,【改修標仕仕様】亜鉛めっき鋼面つや有合成樹脂ｴﾏﾙｼｮﾝﾍﾟｲﾝﾄ塗り(ＥＰ－Ｇ)(1㎡当たり)Ａ種,その他,,式,1,,,
表RA-17-38【市】,【改修標仕仕様】亜鉛めっき鋼面つや有合成樹脂ｴﾏﾙｼｮﾝﾍﾟｲﾝﾄ塗り(ＥＰ－Ｇ)(1㎡当たり)Ｂ種,つや有合成樹脂エマルションペイント,JISK5660,kg,0.2,,,
表RA-17-38【市】,【改修標仕仕様】亜鉛めっき鋼面つや有合成樹脂ｴﾏﾙｼｮﾝﾍﾟｲﾝﾄ塗り(ＥＰ－Ｇ)(1㎡当たり)Ｂ種,塗装工,,人,0.029,,,
表RA-17-38【市】,【改修標仕仕様】亜鉛めっき鋼面つや有合成樹脂ｴﾏﾙｼｮﾝﾍﾟｲﾝﾄ塗り(ＥＰ－Ｇ)(1㎡当たり)Ｂ種,その他,,式,1,,,
表RA-17-41【市】,【改修標仕仕様】ラッカーエナメル塗り(ＬＥ)(1㎡当たり)Ａ種,ラッカー系シーラー,JISK5533,kg,0.1,ウッドシーラー,,
表RA-17-41【市】,【改修標仕仕様】ラッカーエナメル塗り(ＬＥ)(1㎡当たり)Ａ種,ラッカー系下地塗料,JISK5535,kg,0.28,ラッカーサーフェーサー,,
表RA-17-41【市】,【改修標仕仕様】ラッカーエナメル塗り(ＬＥ)(1㎡当たり)Ａ種,ニトロセルロースラッカー,JISK5531,kg,0.24,ラッカーエナメル,,
表RA-17-41【市】,【改修標仕仕様】ラッカーエナメル塗り(ＬＥ)(1㎡当たり)Ａ種,研磨紙,P220～240,枚,0.13,,,
表RA-17-41【市】,【改修標仕仕様】ラッカーエナメル塗り(ＬＥ)(1㎡当たり)Ａ種,研磨紙,P320～400,枚,0.5,,,
表RA-17-41【市】,【改修標仕仕様】ラッカーエナメル塗り(ＬＥ)(1㎡当たり)Ａ種,塗装工,,人,0.138,,,
表RA-17-41【市】,【改修標仕仕様】ラッカーエナメル塗り(ＬＥ)(1㎡当たり)Ａ種,その他,,式,1,,,
表RA-17-41【市】,【改修標仕仕様】ラッカーエナメル塗り(ＬＥ)(1㎡当たり)Ｂ種,ラッカー系シーラー,JISK5533,kg,0.1,ウッドシーラー,,
表RA-17-41【市】,【改修標仕仕様】ラッカーエナメル塗り(ＬＥ)(1㎡当たり)Ｂ種,ラッカー系下地塗料,JISK5535,kg,0.28,ラッカーサーフェーサー,,
表RA-17-41【市】,【改修標仕仕様】ラッカーエナメル塗り(ＬＥ)(1㎡当たり)Ｂ種,ニトロセルロースラッカー,JISK5531,kg,0.16,ラッカーエナメル,,
表RA-17-41【市】,【改修標仕仕様】ラッカーエナメル塗り(ＬＥ)(1㎡当たり)Ｂ種,研磨紙,P220～240,枚,0.13,,,
表RA-17-41【市】,【改修標仕仕様】ラッカーエナメル塗り(ＬＥ)(1㎡当たり)Ｂ種,研磨紙,P320～400,枚,0.5,,,
表RA-17-41【市】,【改修標仕仕様】ラッカーエナメル塗り(ＬＥ)(1㎡当たり)Ｂ種,塗装工,,人,0.117,,,
表RA-17-41【市】,【改修標仕仕様】ラッカーエナメル塗り(ＬＥ)(1㎡当たり)Ｂ種,その他,,式,1,,,
表RA-17-42【専】,【改修標仕仕様】オイルステイン塗り（ＯＳ）（1ｍ3当たり）,オイルステイン,,kg,0.06,,,
表RA-17-42【専】,【改修標仕仕様】オイルステイン塗り（ＯＳ）（1ｍ3当たり）,塗装工,,人,0.052,,,
表RA-17-42【専】,【改修標仕仕様】オイルステイン塗り（ＯＳ）（1ｍ3当たり）,その他,,式,1,,,
表RA-17-46【市】,【改修標仕仕様】ラッカーエナメル塗り(ＬＥ)(糸幅:300mm以下)(1ｍ当たり)Ａ種,セラックニス類,JASS18M-308,kg,0.001,,,
表RA-17-46【市】,【改修標仕仕様】ラッカーエナメル塗り(ＬＥ)(糸幅:300mm以下)(1ｍ当たり)Ａ種,合成樹脂エマルションパテ,JISK5669(耐水形),kg,0.006,,,
表RA-17-46【市】,【改修標仕仕様】ラッカーエナメル塗り(ＬＥ)(糸幅:300mm以下)(1ｍ当たり)Ａ種,ラッカー系シーラー,JISK5533,kg,0.01,ウッドシーラー,,
表RA-17-46【市】,【改修標仕仕様】ラッカーエナメル塗り(ＬＥ)(糸幅:300mm以下)(1ｍ当たり)Ａ種,ラッカー系下地塗料,JISK5535,kg,0.028,ラッカーサーフェーサー,,
表RA-17-46【市】,【改修標仕仕様】ラッカーエナメル塗り(ＬＥ)(糸幅:300mm以下)(1ｍ当たり)Ａ種,ニトロセルロースラッカー,JISK5331,kg,0.024,ラッカーエナメル,,
表RA-17-46【市】,【改修標仕仕様】ラッカーエナメル塗り(ＬＥ)(糸幅:300mm以下)(1ｍ当たり)Ａ種,研磨紙,P120～220,枚,0.013,,,
表RA-17-46【市】,【改修標仕仕様】ラッカーエナメル塗り(ＬＥ)(糸幅:300mm以下)(1ｍ当たり)Ａ種,研磨紙,P220～240,枚,0.013,,,
表RA-17-46【市】,【改修標仕仕様】ラッカーエナメル塗り(ＬＥ)(糸幅:300mm以下)(1ｍ当たり)Ａ種,研磨紙,P320～400,枚,0.05,,,
表RA-17-46【市】,【改修標仕仕様】ラッカーエナメル塗り(ＬＥ)(糸幅:300mm以下)(1ｍ当たり)Ａ種,塗装工,,人,0.049,,,
表RA-17-46【市】,【改修標仕仕様】ラッカーエナメル塗り(ＬＥ)(糸幅:300mm以下)(1ｍ当たり)Ａ種,その他,,式,1,,,
表RA-17-46【市】,【改修標仕仕様】ラッカーエナメル塗り(ＬＥ)(糸幅:300mm以下)(1ｍ当たり)Ｂ種,セラックニス類,JASS18M-308,kg,－,,,
表RA-17-46【市】,【改修標仕仕様】ラッカーエナメル塗り(ＬＥ)(糸幅:300mm以下)(1ｍ当たり)Ｂ種,合成樹脂エマルションパテ,JISK5669(耐水形),kg,0.006,,,
表RA-17-46【市】,【改修標仕仕様】ラッカーエナメル塗り(ＬＥ)(糸幅:300mm以下)(1ｍ当たり)Ｂ種,ラッカー系シーラー,JISK5533,kg,0.01,ウッドシーラー,,
表RA-17-46【市】,【改修標仕仕様】ラッカーエナメル塗り(ＬＥ)(糸幅:300mm以下)(1ｍ当たり)Ｂ種,ラッカー系下地塗料,JISK5535,kg,0.028,ラッカーサーフェーサー,,
表RA-17-46【市】,【改修標仕仕様】ラッカーエナメル塗り(ＬＥ)(糸幅:300mm以下)(1ｍ当たり)Ｂ種,ニトロセルロースラッカー,JISK5331,kg,0.016,ラッカーエナメル,,
表RA-17-46【市】,【改修標仕仕様】ラッカーエナメル塗り(ＬＥ)(糸幅:300mm以下)(1ｍ当たり)Ｂ種,研磨紙,P120～220,枚,0.013,,,
表RA-17-46【市】,【改修標仕仕様】ラッカーエナメル塗り(ＬＥ)(糸幅:300mm以下)(1ｍ当たり)Ｂ種,研磨紙,P220～240,枚,0.013,,,
表RA-17-46【市】,【改修標仕仕様】ラッカーエナメル塗り(ＬＥ)(糸幅:300mm以下)(1ｍ当たり)Ｂ種,研磨紙,P320～400,枚,0.05,,,
表RA-17-46【市】,【改修標仕仕様】ラッカーエナメル塗り(ＬＥ)(糸幅:300mm以下)(1ｍ当たり)Ｂ種,塗装工,,人,0.042,,,
表RA-17-46【市】,【改修標仕仕様】ラッカーエナメル塗り(ＬＥ)(糸幅:300mm以下)(1ｍ当たり)Ｂ種,その他,,式,1,,,
表RA-17-47【市】,【改修標仕仕様】オイルステイン塗り(ＯＳ)(糸幅:300mm以下)(1ｍ当たり),オイルステイン,,kg,0.006,,,
表RA-17-47【市】,【改修標仕仕様】オイルステイン塗り(ＯＳ)(糸幅:300mm以下)(1ｍ当たり),塗装工,,人,0.017,,,
表RA-17-47【市】,【改修標仕仕様】オイルステイン塗り(ＯＳ)(糸幅:300mm以下)(1ｍ当たり),その他,,式,1,,,
表RA-18-5【市】,けい酸カルシウム板張り(1㎡当たり)壁,名称,摘要,単位,突付け,備考,,
表RA-18-5【市】,けい酸カルシウム板張り(1㎡当たり)壁,けい酸カルシウム板,,㎡,1.05,,,
表RA-18-5【市】,けい酸カルシウム板張り(1㎡当たり)壁,くぎ,ボードくぎ,kg,0.025,,,
表RA-18-5【市】,けい酸カルシウム板張り(1㎡当たり)壁,小ねじ,,kg,─,,,
表RA-18-5【市】,けい酸カルシウム板張り(1㎡当たり)壁,内装工,,人,0.06,,,
表RA-18-5【市】,けい酸カルシウム板張り(1㎡当たり)壁,その他,,式,1,,,
表RA-18-5【市】,けい酸カルシウム板張り(1㎡当たり)壁.1,名称,摘要,単位,目透かし,備考,,
表RA-18-5【市】,けい酸カルシウム板張り(1㎡当たり)壁.1,けい酸カルシウム板,,㎡,1.05,,,
表RA-18-5【市】,けい酸カルシウム板張り(1㎡当たり)壁.1,くぎ,ボードくぎ,kg,0.025,,,
表RA-18-5【市】,けい酸カルシウム板張り(1㎡当たり)壁.1,小ねじ,,kg,─,,,
表RA-18-5【市】,けい酸カルシウム板張り(1㎡当たり)壁.1,内装工,,人,0.07,,,
表RA-18-5【市】,けい酸カルシウム板張り(1㎡当たり)壁.1,その他,,式,1,,,
表RA-18-5【市】,けい酸カルシウム板張り(1㎡当たり)壁.2,名称,摘要,単位,下地張り,備考,,
表RA-18-5【市】,けい酸カルシウム板張り(1㎡当たり)壁.2,けい酸カルシウム板,,㎡,1.05,,,
表RA-18-5【市】,けい酸カルシウム板張り(1㎡当たり)壁.2,くぎ,ボードくぎ,kg,0.025,,,
表RA-18-5【市】,けい酸カルシウム板張り(1㎡当たり)壁.2,小ねじ,,kg,─,,,
表RA-18-5【市】,けい酸カルシウム板張り(1㎡当たり)壁.2,内装工,,人,0.055,,,
表RA-18-5【市】,けい酸カルシウム板張り(1㎡当たり)壁.2,その他,,式,1,,,
表RA-18-5【市】,けい酸カルシウム板張り(1㎡当たり)天井,名称,摘要,単位,突付け,備考,,
表RA-18-5【市】,けい酸カルシウム板張り(1㎡当たり)天井,けい酸カルシウム板,,㎡,1.05,,,
表RA-18-5【市】,けい酸カルシウム板張り(1㎡当たり)天井,くぎ,ボードくぎ,kg,─,,,
表RA-18-5【市】,けい酸カルシウム板張り(1㎡当たり)天井,小ねじ,,kg,0.03,,,
表RA-18-5【市】,けい酸カルシウム板張り(1㎡当たり)天井,内装工,,人,0.06,,,
表RA-18-5【市】,けい酸カルシウム板張り(1㎡当たり)天井,その他,,式,1,,,
表RA-18-5【市】,けい酸カルシウム板張り(1㎡当たり)天井.1,名称,摘要,単位,目透かし,備考,,
表RA-18-5【市】,けい酸カルシウム板張り(1㎡当たり)天井.1,けい酸カルシウム板,,㎡,1.05,,,
表RA-18-5【市】,けい酸カルシウム板張り(1㎡当たり)天井.1,くぎ,ボードくぎ,kg,─,,,
表RA-18-5【市】,けい酸カルシウム板張り(1㎡当たり)天井.1,小ねじ,,kg,0.03,,,
表RA-18-5【市】,けい酸カルシウム板張り(1㎡当たり)天井.1,内装工,,人,0.07,,,
表RA-18-5【市】,けい酸カルシウム板張り(1㎡当たり)天井.1,その他,,式,1,,,
表RA-18-5【市】,けい酸カルシウム板張り(1㎡当たり)天井.2,名称,摘要,単位,下地張り,備考,,
表RA-18-5【市】,けい酸カルシウム板張り(1㎡当たり)天井.2,けい酸カルシウム板,,㎡,1.05,,,
表RA-18-5【市】,けい酸カルシウム板張り(1㎡当たり)天井.2,くぎ,ボードくぎ,kg,─,,,
表RA-18-5【市】,けい酸カルシウム板張り(1㎡当たり)天井.2,小ねじ,,kg,0.03,,,
表RA-18-5【市】,けい酸カルシウム板張り(1㎡当たり)天井.2,内装工,,人,0.055,,,
表RA-18-5【市】,けい酸カルシウム板張り(1㎡当たり)天井.2,その他,,式,1,,,
表RA-22-2【専】,基礎部躯体とりこわし(建築面積1㎡当たり),ﾍﾞｰｽﾏｼﾝ運転,ﾊﾞｯｸﾎｳ0.8ｍ3,日,0.0375,,,
表RA-22-2【専】,基礎部躯体とりこわし(建築面積1㎡当たり),ｺﾝｸﾘｰﾄ圧砕機,圧砕力549～981kN,日,0.0375,,,
表RA-22-2【専】,基礎部躯体とりこわし(建築面積1㎡当たり),普通作業員,,人,0.0375,,,
表RA-22-2【専】,基礎部躯体とりこわし(建築面積1㎡当たり),その他,,式,1,,,
表RA-22-3【専】,仕上げ等とりこわし(延べ面積1㎡当たり),特殊作業員,,人,0.140,,,
表RA-22-3【専】,仕上げ等とりこわし(延べ面積1㎡当たり),その他,,式,1,,,
表RA-22-4【専】,コンクリート類集積積込み	(1ｍ3当たり),バックホウ運転,0.8ｍ3,日,0.028,,,
表RA-22-8【専】,トラック運転(1日当たり)11t積,運転手(一般),,人,1.0,,,
表RA-22-8【専】,トラック運転(1日当たり)11t積,燃料,軽油,Ｌ,46.7,,,
表RA-22-8【専】,トラック運転(1日当たり)11t積,機械損料,,供用日,1.13,,,
表RA-22-8【専】,トラック運転(1日当たり)11t積,その他,,式,1,,,
表RA-22-9【専】,とりこわし材運搬	(1ｍ3当たり往復)数量,ダンプトラック運転,10t積級,日,Ｄ／100,運搬日数(Ｄ)は次式による。,,
表RA-22-10【専】,とりこわし材運搬(小規模、人力積込)	(1ｍ3当たり往復)数量,ダンプトラック運転,4t積級又は2t積級,日,Ｄ/10,運搬日数(Ｄ)は次式による,,
表 RA -17- 25 【市】,【改修標仕仕様】モルタル面及びせっこうプラスター面の下地調整 (1m2当たり)ＲＡ種(塗替え面),合成樹脂エマルションシーラー,JISK5663,kg,0.1,,,
表 RA -17- 25 【市】,【改修標仕仕様】モルタル面及びせっこうプラスター面の下地調整 (1m2当たり)ＲＡ種(塗替え面),合成樹脂エマルションパテ,JISK5669(耐水形),kg,0.23,,,
表 RA -17- 25 【市】,【改修標仕仕様】モルタル面及びせっこうプラスター面の下地調整 (1m2当たり)ＲＡ種(塗替え面),研磨紙,P120～220,枚,0.13,,,
表 RA -17- 25 【市】,【改修標仕仕様】モルタル面及びせっこうプラスター面の下地調整 (1m2当たり)ＲＡ種(塗替え面),研磨紙,P240～320,枚,―,,,
表 RA -17- 25 【市】,【改修標仕仕様】モルタル面及びせっこうプラスター面の下地調整 (1m2当たり)ＲＡ種(塗替え面),塗装工,,人,0.041,,,
表 RA -17- 25 【市】,【改修標仕仕様】モルタル面及びせっこうプラスター面の下地調整 (1m2当たり)ＲＡ種(塗替え面),その他,,式,1,,,
表 RA -17- 25 【市】,【改修標仕仕様】モルタル面及びせっこうプラスター面の下地調整 (1m2当たり)ＲＢ種(塗替え面),合成樹脂エマルションシーラー,JISK5663,kg,0.03,,,
表 RA -17- 25 【市】,【改修標仕仕様】モルタル面及びせっこうプラスター面の下地調整 (1m2当たり)ＲＢ種(塗替え面),合成樹脂エマルションパテ,JISK5669(耐水形),kg,0.08,,,
表 RA -17- 25 【市】,【改修標仕仕様】モルタル面及びせっこうプラスター面の下地調整 (1m2当たり)ＲＢ種(塗替え面),研磨紙,P120～220,枚,0.07,,,
表 RA -17- 25 【市】,【改修標仕仕様】モルタル面及びせっこうプラスター面の下地調整 (1m2当たり)ＲＢ種(塗替え面),研磨紙,P240～320,枚,―,,,
表 RA -17- 25 【市】,【改修標仕仕様】モルタル面及びせっこうプラスター面の下地調整 (1m2当たり)ＲＢ種(塗替え面),塗装工,,人,0.012,,,
表 RA -17- 25 【市】,【改修標仕仕様】モルタル面及びせっこうプラスター面の下地調整 (1m2当たり)ＲＢ種(塗替え面),その他,,式,1,,,
表 RA -17- 25 【市】,【改修標仕仕様】モルタル面及びせっこうプラスター面の下地調整 (1m2当たり)ＲＣ種(塗替え面),合成樹脂エマルションシーラー,JISK5663,kg,―,,,
表 RA -17- 25 【市】,【改修標仕仕様】モルタル面及びせっこうプラスター面の下地調整 (1m2当たり)ＲＣ種(塗替え面),合成樹脂エマルションパテ,JISK5669(耐水形),kg,―,,,
表 RA -17- 25 【市】,【改修標仕仕様】モルタル面及びせっこうプラスター面の下地調整 (1m2当たり)ＲＣ種(塗替え面),研磨紙,P120～220,枚,―,,,
表 RA -17- 25 【市】,【改修標仕仕様】モルタル面及びせっこうプラスター面の下地調整 (1m2当たり)ＲＣ種(塗替え面),研磨紙,P240～320,枚,0.07,,,
表 RA -17- 25 【市】,【改修標仕仕様】モルタル面及びせっこうプラスター面の下地調整 (1m2当たり)ＲＣ種(塗替え面),塗装工,,人,0.004,,,
表 RA -17- 25 【市】,【改修標仕仕様】モルタル面及びせっこうプラスター面の下地調整 (1m2当たり)ＲＣ種(塗替え面),その他,,式,1,,,
表 RA -17- 25 【市】,【改修標仕仕様】モルタル面及びせっこうプラスター面の下地調整 (1m2当たり)付着物除去,合成樹脂エマルションシーラー,JISK5663,kg,―,,,
表 RA -17- 25 【市】,【改修標仕仕様】モルタル面及びせっこうプラスター面の下地調整 (1m2当たり)付着物除去,合成樹脂エマルションパテ,JISK5669(耐水形),kg,―,,,
表 RA -17- 25 【市】,【改修標仕仕様】モルタル面及びせっこうプラスター面の下地調整 (1m2当たり)付着物除去,研磨紙,P120～220,枚,―,,,
表 RA -17- 25 【市】,【改修標仕仕様】モルタル面及びせっこうプラスター面の下地調整 (1m2当たり)付着物除去,研磨紙,P240～320,枚,―,,,
表 RA -17- 25 【市】,【改修標仕仕様】モルタル面及びせっこうプラスター面の下地調整 (1m2当たり)付着物除去,塗装工,,人,0.002,,,
表 RA -17- 25 【市】,【改修標仕仕様】モルタル面及びせっこうプラスター面の下地調整 (1m2当たり)付着物除去,その他,,式,1,,,
表 RA -17- 28 【市】,【改修標仕仕様】せっこうボード面及びその他ボード面の下地調整(1ｍ2当たり)ＲＡ種(塗替え面),合成樹脂エマルションパテ,JISK5669(一般形),kg,0.21,,,
表 RA -17- 28 【市】,【改修標仕仕様】せっこうボード面及びその他ボード面の下地調整(1ｍ2当たり)ＲＡ種(塗替え面),研磨紙,P120～220,枚,0.13,,,
表 RA -17- 28 【市】,【改修標仕仕様】せっこうボード面及びその他ボード面の下地調整(1ｍ2当たり)ＲＡ種(塗替え面),研磨紙,P240～320,枚,―,,,
表 RA -17- 28 【市】,【改修標仕仕様】せっこうボード面及びその他ボード面の下地調整(1ｍ2当たり)ＲＡ種(塗替え面),塗装工,,人,0.028,,,
表 RA -17- 28 【市】,【改修標仕仕様】せっこうボード面及びその他ボード面の下地調整(1ｍ2当たり)ＲＡ種(塗替え面),その他,,式,1,,,
表 RA -17- 28 【市】,【改修標仕仕様】せっこうボード面及びその他ボード面の下地調整(1ｍ2当たり)ＲＢ種(塗替え面),合成樹脂エマルションパテ,JISK5669(一般形),kg,0.06,,,
表 RA -17- 28 【市】,【改修標仕仕様】せっこうボード面及びその他ボード面の下地調整(1ｍ2当たり)ＲＢ種(塗替え面),研磨紙,P120～220,枚,0.07,,,
表 RA -17- 28 【市】,【改修標仕仕様】せっこうボード面及びその他ボード面の下地調整(1ｍ2当たり)ＲＢ種(塗替え面),研磨紙,P240～320,枚,―,,,
表 RA -17- 28 【市】,【改修標仕仕様】せっこうボード面及びその他ボード面の下地調整(1ｍ2当たり)ＲＢ種(塗替え面),塗装工,,人,0.007,,,
表 RA -17- 28 【市】,【改修標仕仕様】せっこうボード面及びその他ボード面の下地調整(1ｍ2当たり)ＲＢ種(塗替え面),その他,,式,1,,,
表 RA -17- 28 【市】,【改修標仕仕様】せっこうボード面及びその他ボード面の下地調整(1ｍ2当たり)ＲＣ種(塗替え面),合成樹脂エマルションパテ,JISK5669(一般形),kg,―,,,
表 RA -17- 28 【市】,【改修標仕仕様】せっこうボード面及びその他ボード面の下地調整(1ｍ2当たり)ＲＣ種(塗替え面),研磨紙,P120～220,枚,―,,,
表 RA -17- 28 【市】,【改修標仕仕様】せっこうボード面及びその他ボード面の下地調整(1ｍ2当たり)ＲＣ種(塗替え面),研磨紙,P240～320,枚,0.07,,,
表 RA -17- 28 【市】,【改修標仕仕様】せっこうボード面及びその他ボード面の下地調整(1ｍ2当たり)ＲＣ種(塗替え面),塗装工,,人,0.004,,,
表 RA -17- 28 【市】,【改修標仕仕様】せっこうボード面及びその他ボード面の下地調整(1ｍ2当たり)ＲＣ種(塗替え面),その他,,式,1,,,
